,2003,2004,2005,2006,2007,2008,2009,2010,2011,2012,2013,2014,2015,2016,2017,2018,2019,2020
0,-9.030025802234125,-8.164455477631986,-6.929880367333755,-5.373791435833152,-4.208832373230845,-3.210108412219098,-1.6076110185330212,-0.1655144057195388,0.5250861090070151,1.3754352902344462,1.8202052650073086,2.041564548070667,2.5497540391711255,3.487174356031513,3.9135098616249224,3.7302855407687487,3.026069235612861,0.7279130290048466
1,-9.20904561423768,-8.251705233368643,-6.8784411255722855,-5.238612772632012,-4.36691837835293,-3.311532660223216,-1.5360504786378952,-0.1408296953175635,0.5638627833174295,1.3991737492094025,1.884897802158703,1.7016198149088357,2.1459444432286436,3.0482297642406007,3.3508082186993278,3.2530322657978683,2.671676085814806,0.8288547052654605
2,-9.094030452800746,-8.407204600210214,-6.969560889897786,-5.414012053285068,-4.55403318307357,-3.4689538734578704,-1.8921887181557975,-0.42690401982207227,0.42133570684636146,1.3104070084987631,1.7982415468045916,2.012295747414772,2.4146807067540257,3.2827447288156337,3.6648666010641646,3.5611114122037604,2.4630670935269956,0.6580642351744526
3,-9.554943511315031,-8.50487517159931,-6.839111971967556,-5.415164596262813,-4.358893397266382,-3.058883390424742,-1.7072232642607101,-0.41201342269841956,0.803040777560614,1.4986768606316643,1.9569658866442405,2.102286329409224,2.378392880147159,3.1096765957435446,3.439717910012493,3.354220550494428,2.4578102118919496,0.7390439010002482
4,-9.726071724526019,-8.19436376972521,-6.466887660617522,-5.173337182199951,-4.13756502243835,-2.585918070129842,-1.1279396994887723,-0.005041422081946578,1.2506497589855303,1.9856031723018548,2.238506727603677,2.54266094420833,3.135796312334495,3.742645569145,3.8397820583259468,3.6505088443457745,1.9881828405231956,0.15539780619918586
5,-9.70505538661746,-8.065078356971796,-6.2300486887636035,-5.1657230862667625,-4.12667033204627,-2.540763860260041,-1.087877973193441,0.054397332397178144,1.2613028613294825,1.9951360778362737,1.9626806729995112,2.2039484083565877,2.7230376466546353,3.2121317517701584,3.4450727840762694,3.3128647710662977,2.0420347062261968,0.2131914555454486
6,-9.665857321995425,-7.961162645396534,-6.145416451090512,-5.013004112437743,-3.959225108376659,-2.7918948808585835,-1.1698754696724603,0.02204456569315727,1.1678081949796364,1.910056617089368,2.2387934239583984,2.303252650330419,2.8460772900139153,3.451481704873316,3.646983875244337,3.156480447923861,1.9080024871621646,-0.15214801080098606
7,-9.627131405289864,-7.72351116802515,-6.076575312116352,-4.732356055823139,-3.5206253137903323,-2.635286897230337,-1.097854485966626,0.5186541118764073,1.408771449437761,2.1556371200927518,2.377271135659468,2.2488100322364866,2.6396996611780397,3.1469767217866798,3.325845433141738,3.0212401399782522,1.913002066272674,-0.24691390776672373
8,-9.206926394373955,-7.252219304843112,-5.741806296108433,-4.571748526659553,-3.241973944732233,-2.1784973886180956,-0.8096693329186482,0.7598706749764729,1.7681689904061129,2.322854356865808,2.5988290257967805,2.7777942248121708,3.0716341696962104,3.480280454359896,3.6922690606180097,2.6589728574087315,1.342846711957959,-0.8145922149180165
9,-9.057844026389665,-7.016159035781399,-5.669413382248528,-4.519456177569214,-3.2560552450528784,-2.1375188705301014,-0.7053354236928129,0.7949729811801712,1.7785267537153158,2.10229719627433,2.3434752602268447,2.4607453579007355,2.6830735617394237,3.2175791322319163,3.452365611612429,2.7279058276704853,1.360421641000598,-0.5058529456816275
10,-8.858710622697695,-6.839244350873841,-5.334599622992843,-4.216858339840098,-3.453773459725651,-2.0206473254759114,-0.5735781117788915,0.7764396259121817,1.8154472862835134,2.401698958357076,2.381451695619742,2.549787053520048,2.8233537056313818,3.2902981897741634,3.3087026396568664,2.5682190649411787,1.030735344005048,-0.9588211042025357
11,-8.602828745338803,-6.7710924044867555,-5.053217162265023,-3.8822616711459776,-3.3587789344744774,-1.88617342817455,0.01367036915168185,1.0470415730210232,2.174415262575487,2.639482655138236,2.3378962109971755,2.3560759476630593,2.5606372885961064,2.9359092915557596,3.0808786289145367,2.5417378283742593,0.8269992451467729,-0.8542652857525062
12,-7.922104578155746,-6.26623125645505,-4.814141403036741,-3.64928243460393,-2.9798073377228564,-1.69573505192365,0.07118119114466814,1.2324860622099472,2.224176267206598,2.6738956711220445,2.6138611309748545,2.596667889199975,2.869867323299749,3.3803412177563703,2.849627719337207,2.0293649365399675,0.3004494132384894,-1.7357821670919775
13,-7.73511690769353,-6.229404908344127,-4.843406973920186,-3.803356095099266,-3.047601736620053,-1.6201881741908573,0.09982141096703878,1.2001916869788078,1.9677832247869766,2.393728067313901,2.337652842523804,2.2850385620777187,2.677493809778576,3.193762574896335,2.9170368309948698,1.9697981691262094,0.4757346334322322,-1.4779213258391921
14,-7.446298482825094,-5.720578088679684,-4.420030455838291,-3.886102133493543,-2.7582025839697377,-1.358286740196326,0.18440345306681294,1.412401869337806,2.35316657898056,2.5433177982482564,2.5535043829173785,2.480072433547705,2.756448297466441,3.1475274764383103,2.7733853003076216,1.7190133858706198,0.14120386127564144,-1.573824419509649
15,-7.28375024244531,-5.395885601467365,-4.151279152708993,-3.747709040472892,-2.501547501129393,-0.7350107806405813,0.4606023018492835,1.863638428788729,2.611874661552736,2.5067920179152003,2.408135655634385,2.3332504311452027,2.4822446909722515,2.943940148873825,2.79162545017633,1.4877338058314304,0.16886315879671776,-1.5961351669591435
16,-6.608143316698322,-4.983622973707574,-3.8895035588533853,-3.415399992952548,-2.376362384489369,-0.7770935353759785,0.5314535890434801,1.8607934555506755,2.54231293612773,2.586630343422658,2.4971585811816643,2.5982841451007057,2.951664457605884,2.8347739545062796,2.3331715549993977,1.0016798649519678,-0.6535076635076729,-2.1756806927090055
17,-6.540665534914702,-5.06163118190014,-4.104102988202743,-3.5340483638482927,-2.279147162862268,-0.7428976101098465,0.4508222188357539,1.5637802942003067,2.2172181109770106,2.2983789589669774,2.1683340732500893,2.4332319480838027,2.845784818123569,2.9440764614407122,2.2600830224955812,1.1341209107772128,-0.4272008803219397,-1.7963041025655673
18,-5.8266467709862635,-4.5144948955158295,-4.067996570535979,-3.186303076167363,-2.022342161120453,-0.6532307745335014,0.7442404561410466,1.9699432705527355,2.4992315479747598,2.6779559822571244,2.4552391188867655,2.535153352546536,2.8989619264574085,2.803051851305256,2.06818777781063,0.8928107341324304,-0.43473576115124335,-1.7255698439236857
19,-5.5184123598983135,-4.268149524155138,-3.84723329526091,-2.77789707592821,-1.443092233330604,-0.3793223337648379,1.1932048889314872,2.1560122387710674,2.406790781425581,2.610832582092817,2.4666920912541306,2.413038684858332,2.7995766588473487,2.9183868380077986,1.8585451994809388,0.8714532330101472,-0.4992128494860978,-2.016644435366988
20,-4.9418115131153595,-4.013644129736252,-3.613410568462114,-2.763590182571955,-1.4834812313106784,-0.3261991444739382,1.2702081930708664,2.1818156704565266,2.4986670559449604,2.66181943308899,2.6980529345538815,2.826896429395421,2.732751449553364,2.389091505450853,1.3030506672638424,0.054317498858680535,-1.1557219114146187,-2.0382924475489714
21,-5.061417943764087,-4.250994533209874,-3.763698685952047,-2.5787818776211573,-1.396054888190888,-0.387535421485344,1.02392600590626,1.9294274199294814,2.2324357670118204,2.276905283281615,2.5055297904489353,2.7398128784113327,2.847741408269998,2.3017819829355393,1.446649234860538,0.29219555107129236,-0.7259745360943948,-1.7793468381754298
22,-4.513809990276751,-4.170144314512305,-3.43697272000591,-2.392901365981185,-1.3447884124006462,0.018674406355986495,1.4426938681044255,2.339219339324147,2.7278053941686857,2.566417564563145,2.5845329941489164,2.829021222165866,2.6709210564008767,2.1540126212208146,1.3098502086550194,0.36783884810037576,-0.6004850940347273,-1.4163715254356868
23,-4.126279057292534,-3.779897594490153,-2.8316064177597275,-1.8969183468458786,-1.0859050289221002,0.28913962125945136,1.4613958186821643,2.112486182830815,2.710042441175935,2.6932377045693587,2.6532776805410196,2.8454881729466774,2.8728410205047896,1.967249038461388,1.2293751223727845,0.2285597751149755,-0.9022749358528446,-1.3764416467037188
24,-3.8682557580207493,-3.588584587994981,-2.9154745885090367,-1.8711614576517945,-1.043257858044963,0.5010629915865085,1.650166602164283,2.289577127563442,2.7654217534403074,2.885816388062546,2.94451834193196,2.700920596737495,2.452007383887806,1.503796985569311,0.6019954650807386,-0.30754093621345313,-0.9151366536603891,-1.2844642013996947
25,-4.115412878537121,-3.8112817293800485,-2.660777343601052,-1.7732328935840362,-1.0332651531759631,0.35334489676499603,1.5514485662273485,2.1094563862704465,2.3746824958315127,2.6690438732101827,2.833205727533505,2.819604298097604,2.3497630001561594,1.677710126914306,0.860659853567206,0.18475716694200164,-0.5397017751130226,-0.5218636862132511
26,-3.915258324447293,-3.3447330572147305,-2.341259733636376,-1.5988540326940501,-0.3911561973796833,0.8433439106804989,2.086694895348696,2.6300972624442296,2.618493556942241,2.6948943544141395,2.8956975549674064,2.5463267271614334,2.2558054738549855,1.6519546179664166,1.0240487115421921,0.3954212602822639,-0.09406420846957989,-0.24077758113661996
27,-3.467705990695038,-2.684773769604051,-2.024805950641713,-1.4099784305955594,-0.36540719388316967,0.6794767737792188,1.7386959382253766,2.6279761142370623,2.7775468855051186,2.931289242224093,3.0234683065283803,2.845346349753889,2.100415678515611,1.534909824936459,0.8172904266591986,0.0778002732865341,-0.10532730321862013,0.005005168684594732
28,-3.129449370605458,-2.7136532505170776,-1.8545398482499398,-1.300734110754066,-0.036662668324531134,0.947784723264667,1.9247512268329716,2.6711816175113072,2.8978119069889,3.1097902536010587,2.7883316960182207,2.404982720311832,1.6134082451720277,0.9982595040689295,0.30735530305686093,0.004067572624165128,-0.07391345134336902,0.20237418796917725
29,-3.5177401647481963,-2.543573322117611,-1.8579116612285262,-1.3508548336066066,-0.15175458764961092,0.9848952662899252,1.8399945310931294,2.3137200491961103,2.71371649580108,2.9539154739004214,2.8998377881601676,2.3154601076702153,1.8104773549196145,1.2755150052677222,0.8666062434888069,0.4949686001689909,0.7740231174209051,0.8279588904442028
30,-2.892909497480082,-2.0434949803098985,-1.5570044726625978,-0.5192797694877004,0.3954514403113924,1.5945673266727347,2.304452145786071,2.539505104185747,2.7413383663536206,3.025949669869072,2.595373805276533,2.3326998996753217,1.9082305906120212,1.5409410747333072,1.1843089659913781,1.0217842967441835,1.1173816062345372,1.0295124491934682
31,-2.165408655953049,-1.7941922519576394,-1.331845304204219,-0.6351519940426419,0.10778777963082425,1.202850684984068,2.302505325053782,2.68982839751265,3.067273554866631,3.2682620846093537,2.9559187275260332,2.28774154843909,1.8333311293241852,1.3657287360629158,0.9001167878179924,1.018245795678448,1.262398006917259,1.4321087752560173
32,-2.187142149927999,-1.6099817892836081,-1.2724944063939045,-0.39266102022085164,0.24453579754871202,1.2542590767661197,2.2568957829157776,2.7121832879816115,3.164515918136707,2.974343170142601,2.561710924630958,1.9060905325882205,1.4984233241252634,0.9999825606941486,0.8867139111936961,1.0668242418212868,1.4492844513587309,1.631290884266509
33,-2.097853668344368,-1.6999363607542202,-1.4463448975841866,-0.510972379960185,0.34994545835614915,1.1818473215476804,1.9420722002661288,2.61227293069705,2.980768779556892,3.0681587278739344,2.514638418999802,2.0727299340141525,1.7580118082079566,1.5847057961945583,1.4652524686618467,1.9732930339135628,2.1814574190853073,2.1510498313853783
34,-1.5375420080848925,-1.4346898525385827,-0.5464826573078458,-0.041305852284914346,0.9297270310414267,1.5401843172303917,2.1416348733529236,2.6113875943107034,3.0403264463133235,2.756349609652319,2.5552232516688402,2.2513439508046256,2.0836221567955304,1.9763034633871877,2.013391265700103,2.3878416925409036,2.348239600625445,1.753980250318814
35,-1.323551904723629,-1.168590203000057,-0.7674201254656392,-0.4387749715435996,0.5483008754866612,1.5457690940620878,2.2904153543489705,2.915862955060414,3.323004349290247,2.9976217178425473,2.488148075659712,2.1028802697271622,1.9054845753680842,1.674567810008993,2.023763946596445,2.4331306875218086,2.5976215318908613,1.8036903596347311
36,-1.2108354429456274,-1.2322935238360935,-0.6849939997531015,-0.48549938775579693,0.45480368046164116,1.4264695706620178,2.2625397911501475,2.959126322616884,2.9666703978479285,2.657563682235963,2.1834087002469467,1.8134816233461644,1.5384438614623765,1.6019300885570633,1.959235799639246,2.510776896499116,2.744545866756121,1.7832992696005823
37,-1.3433479475123014,-1.4574964584569723,-0.7392232637231243,-0.20244447908955915,0.5120828115686094,1.3052277707478361,2.3245896161648543,2.819924882512325,3.0794994250419703,2.678664752892405,2.272950861753573,2.013418532498093,2.1051036344632394,2.219844917149053,2.8696160272956615,3.323962739803615,3.2548527489885095,2.350188058121641
38,-1.1591194399657196,-0.48246002714018316,-0.40177778113042917,0.2818593148706686,0.7186233256444667,1.4209144128616877,2.2169127580057824,2.8363293429293432,2.7066538734991807,2.63819971789038,2.445120086014089,2.308796648292229,2.4687080493170264,2.714654287805447,3.3130931921964097,3.4454611056525204,2.861056759032483,1.5535565211366433
39,-0.8520667255686714,-0.7304609373826036,-0.8188681826466113,0.003755867740230512,0.7745583268999051,1.5594769408555307,2.4209463278982546,3.040708177603867,2.7016873861200685,2.4588302801651576,2.1957691947932214,2.070170483497718,2.103862123108821,2.6932846428040014,3.2274971175430975,3.504267099357665,2.698218317914797,1.30702562616795
40,-1.0120321661271836,-0.7200409663174824,-0.9126033557978128,-0.045152031009634275,0.7468851959388058,1.6184178719438895,2.4947681137656685,2.671339681332351,2.3784713307221663,2.0632743413953754,1.7966209152331571,1.5967857502979235,1.888031887619926,2.468827307000139,3.2309973707458566,3.6237488848032973,2.7297337311702443,0.9389369992790948
41,-1.2889885513347559,-0.795117935850058,-0.4877240826004521,0.18251730934162913,0.8198711192780446,1.8446411247289438,2.45651852818658,2.84714741993448,2.47409118950075,2.053449977121606,1.864601671048395,1.9406545012277778,2.3748726420335515,3.212531043721334,4.006203403307307,4.046347025138561,3.2701000918303613,1.511741848129708
42,-0.1861517641136224,-0.5635334242921372,-0.12985365317620157,0.2731331344163829,0.8444849136066663,1.6737102627924874,2.510905556065246,2.4719032383567305,2.4080127741994866,2.2864540101644906,2.1900990852177626,2.2848518217973366,2.875934369699372,3.7029051400085153,4.11298304242708,3.6681092231503634,2.5689252429487794,0.827376212923997
43,-0.32454434057025233,-0.7931574292573244,-0.128713485990535,0.49514441094595196,1.0464970972860193,1.7965231002264817,2.5987730586748468,2.296334510102974,2.195920853444341,2.036501841707423,1.9994057376508296,2.0005645400228644,2.8726469586701393,3.5505330067897254,4.04990190760083,3.341571564654065,2.2074334491483207,0.2179078194672348
44,-0.33202557031747715,-0.8752538613101732,-0.03275412632112096,0.6857168487012534,1.3043586938565728,2.0121637304520092,2.351672764124616,2.0567336922204857,1.6975498833746756,1.5643082926270142,1.4843850737110365,1.7055682092089346,2.579937071496241,3.594981178396872,4.2079323442108,3.4353908664231847,2.035725383030762,-0.4213817634637129
45,-0.6135182704125753,-0.4910165939505979,0.2330457021155331,0.7591457373003654,1.5619436828990896,2.089883772671115,2.626241551463978,2.2422451287027387,1.6227561123597636,1.5164270394118973,1.546730522736231,1.9742727224286722,3.048498925311069,4.253483165660922,4.469949375077703,3.9105263873426837,2.4421281162927007,-0.6996235459868863
46,-0.4791725641394591,-0.3130713507065762,0.23143628907888203,0.772843049245203,1.3907293659284892,2.2251869483345077,2.337121108116926,2.1723492436496867,1.8753431997529884,1.8551004427417916,1.852370532029679,2.463090594693897,3.565491114804792,4.352302811631727,4.116369305072958,3.3230519159016207,1.7652405612204702,-0.8227949602286834
47,-0.49731588881041583,-0.036164938176344696,0.6394292319850412,1.0589827507545297,1.4887925669117992,2.221583486030736,2.0954942739315907,1.9640779551457814,1.687877234433109,1.808414089447234,1.731674986030392,2.5113291779629914,3.4249291861912603,4.232656312118062,3.6560304292169494,2.873328143526963,1.0899469239213309,-1.2618347632309737
48,-0.5868023844620212,0.2374184455072047,1.0511240740982835,1.5287588204986933,1.8864290769233223,2.185150211744335,1.9919243253034946,1.4786557216211584,1.2369739192673699,1.403526388670801,1.4247991931405029,2.193951148876673,3.5151805021872766,4.42966039039157,3.7596674103331162,2.8677233306005236,0.6802754166274936,-1.3194431051661184
49,-0.2554579598256444,0.5176968730946917,1.0507821420763022,1.6846669189373285,1.9509943221390829,2.4438349353900386,2.1606232064115667,1.2993030325667176,1.1439643735421188,1.221050218050183,1.4362303422019889,2.3570436803184283,4.019888152309329,4.469346345691775,4.121684768416911,3.1224355964251878,0.4891093526201731,-1.1050226608216323
50,-0.3208501599233241,0.45306212542495217,1.1313745598675686,1.5262708654294608,2.120145350890237,2.302481355003235,2.02704625561358,1.4233321213958359,1.3706201711207147,1.4130159789443404,1.813740240403563,2.819607447203304,4.067509883862964,4.125047399564028,3.63165305040541,2.4470665788853867,0.20632419165268878,-1.7011318130446527
51,0.17435446392872833,1.0470761342548012,1.5166273716136096,1.5921715089536344,2.035309103492843,2.0185301062411654,1.7883071641041655,1.3008435479336218,1.4698328084655792,1.3718436641064322,1.8530311059103803,2.700744090921562,3.8794572041988653,3.52574164600375,3.140188338453777,1.7378791840105063,-0.19776767830806807,-0.7915913917432813
52,0.5459736284111956,1.5281611966297386,2.0884303792663466,2.0714890279067424,2.174823516357555,2.0867231294464044,1.4342740933123508,0.9546601814605638,1.2313535056272,1.0877830772466845,1.55886096081862,2.777599224877312,4.088305138966021,3.6260518997954536,3.2655840261715294,1.5034164315593048,-0.14558825381982088,0.05457165608270431
53,0.7331833117841351,1.3123442792473097,1.9564022845271622,1.968378718607329,2.288399030905563,2.15578321344752,1.1438868068512758,0.8158524914943855,0.8636217947218596,0.8633873428499049,1.442442466319332,3.0524069673801484,3.8759561184300146,3.80076243059262,3.3331285469695437,1.3520287222120406,0.04431720008816181,1.3452937316057287
54,0.6294139546275106,1.4449465962552734,1.8193761316017012,2.196736440453372,2.267201549065347,1.9986740885823773,1.1397776644458384,0.9246035255449078,0.9255944878530253,1.1488908813983603,1.8369730076893862,3.165935049926854,3.6242507121974556,3.48231568611637,2.7252973850081426,0.9875073068876706,-0.6262760553740392,1.007472440677227
55,1.4527657608498377,1.9919090548907312,1.8657126582591173,2.038797140893064,1.9248023897671516,1.7050946116437715,1.0869546638017122,1.1595961753446578,0.9220305125379192,1.141946553160646,1.7008601015021734,2.8816205771406214,2.893386626491294,2.961774453529935,2.007364278224034,0.6321303879239599,0.06439374566643064,1.816285477192903
56,2.0330735348525018,2.706102878194086,2.465786604031191,2.3732375211541386,2.2293524940364144,1.5097913169064334,0.8956391673128152,1.0533151754757075,0.6859103190292901,0.8835623454591175,1.75175872287923,3.0497761123912293,2.977806191104774,3.163764475116917,1.8862576221621363,0.7625012994400712,0.7144946159898944,2.1368104909618975
57,1.5715634377386936,2.313423815415519,2.2218847407619498,2.3353532420757532,2.195516735606744,1.1740983246880603,0.67015313681526,0.5603328799197799,0.30826155613751166,0.5182855179646324,1.78595314406719,2.6471294943806947,2.938674441830311,3.018142573527132,1.7772700979592577,0.9314644915222207,1.8111723412709824,2.3935299150084006
58,1.7003310852657898,2.1904998217547442,2.54331484213554,2.450862947913389,2.141944195592133,1.1551649713073442,0.7383828792758945,0.5178655868474692,0.5423033769867718,0.8017989755319335,1.9695944947694608,2.5061687791357827,2.8116691767380635,2.505956672482559,1.3698550564687486,0.19722161413490163,1.3957491442584433,1.3403616294093248
59,2.482056629985622,2.2901257210304924,2.34969361590786,2.129742915897681,1.9152133809737188,1.2562973163790172,1.1556742676248515,0.6467638259143338,0.571464176376128,0.724696073911855,1.6779900315282736,1.834246824530252,2.397015132621134,1.8943114209079008,1.138758138569794,0.7349894228300135,2.0238254032738507,1.4377154520744595
60,3.3720022017196665,3.108360180473598,2.896648176401308,2.6684960169893674,1.910265458800711,1.276907654353325,1.148647785010755,0.49409437347816654,0.3476242147164147,0.7145620787298157,1.7226717762129606,1.821509196270875,2.55980689827473,1.8076321647505862,1.263954438709096,1.1578462708459474,2.2124126427785225,1.7879294058342128
61,2.7038245929334885,2.7305143928546043,2.707603709421739,2.5089717002767737,1.5604418327911398,0.9702665197727175,0.551606119238837,-0.0008014231980940784,-0.23036342101616059,0.5885410104374558,1.2402162181211915,1.645924239130973,2.2392030031473062,1.775270506328525,1.3881202958844339,2.0332664408363517,2.389940229005843,1.9091557500895884
62,2.6096536070204093,3.124036759629241,2.972905868767964,2.552584162045125,1.53327207202018,0.9645160898188891,0.4011303195060642,0.1432680795795197,-0.07473291112554242,0.8294563410524062,1.2397830555594256,1.7448015654014841,1.8721726131217975,1.3663035101415422,0.6238147370025082,1.548667069289897,1.393189185081761,1.61349132419062
63,2.8303754417055256,2.94722733385887,2.73383277384198,2.4594460615535194,1.8113431902701433,1.5133899258799064,0.6490197073310955,0.2590621142667344,-0.06871082136876021,0.6236233383177207,0.7824424232858116,1.5021759124191487,1.361545939209068,1.2556679978213696,0.9833312511475243,1.9400443246717591,1.3925259216694406,1.8277940268941255
64,3.787682706962537,3.540205584308836,3.325379203286219,2.6155877209093847,1.9957712200883473,1.6177883615576338,0.6556489686504561,0.14576163464585873,-0.12251253897432718,0.5310945801181342,0.6515663645877694,1.5172974697258836,1.2059883877813322,1.259711087968197,1.1156331511996345,1.9385376966920906,1.4845460335861032,2.2001070686386544
65,3.2783095082563145,3.260739022441362,3.109306249083812,2.343607846945366,1.743879963962174,1.0487531186901689,0.12623615048454112,-0.5255455566386849,-0.3107440455466407,0.0732174347740579,0.4310334868610069,1.1624232271915513,1.2997408350626212,1.3864107872615195,1.7842509542215383,2.0463932497719437,1.529413414082678,1.8783742459848665
66,3.6767052424164905,3.680964089830316,3.194192735287352,2.285301361119214,1.6338724500931447,0.8327101939390791,0.1455753390265361,-0.4570605297077649,-0.02858538886814138,0.19506543346747668,0.6887619804039432,0.9808807511689926,0.9754963753211107,0.7036778095204236,1.3406935405803837,1.2061853034779455,1.2340337199437919,1.4634029391180872
67,3.6251475558324024,3.549963889429514,3.187154216289044,2.617711060428031,2.1112971630505926,0.9549227686566313,0.1976273449367038,-0.49829350621189605,-0.19395315575646427,-0.0015424748780339947,0.6722735982692833,0.6250824664734178,1.0636686840942011,0.9533908682070952,1.5354784705331235,1.1302361850093052,1.4101181844066883,1.4792766821131789
68,4.144866580436794,4.054017383742614,3.426542031096019,2.8579273378299237,2.2374876842370996,1.0917214290895825,0.21248673273196667,-0.5313965399621895,-0.32748660979981997,-0.1630107743237898,0.5866551962140198,0.4111310359515896,0.96063204110606,0.8134031300974272,1.376781150598927,1.0162629688476215,1.5357508519927583,1.5065593224919724
69,3.8096321513488673,3.889348029571508,3.341512823814981,2.775502035624941,1.8691889870754668,0.6629871560284565,-0.466428803974513,-0.790748783157158,-0.7324706523509359,-0.46863141671186737,0.18137408329825325,0.475040480090262,1.061881615402215,1.2261590750944011,1.391627680032326,0.9656289200792045,1.1108669100119584,0.9592233433617011
70,4.3890015105531806,4.035904712587667,3.2765830472812474,2.5721694215203184,1.5688698845064744,0.5146120166475523,-0.5500197557651072,-0.6049407946413011,-0.6639944782753916,-0.2411330602450596,0.07638774994070936,0.2941031580079209,0.5405121466455929,0.9298736478687277,0.8236156878820031,0.7559653256461316,0.7212498480847908,0.617144110476266
71,4.2757521780682355,3.9607925100889423,3.4753627664131983,2.7382292432335698,1.3379160310354212,0.3461469570252732,-0.738148347435622,-0.8585254087798765,-0.6977435434364113,-0.12810027716475803,-0.13747030641843733,0.4699324015982327,0.6481400744204229,0.9200984846274018,0.6696684138144533,0.8450104372000166,0.7420911334887,1.2385076163134952
72,4.759985396735327,4.244174263579234,3.7641319319601125,2.8516884181124045,1.588334946384024,0.48777093202000565,-0.6579056123399367,-0.9073886872745405,-0.731673731210415,-0.22344873529304593,-0.3534320334377537,0.32554513757342907,0.3208098636929795,0.669552479595698,0.4375061901453271,0.8068097151344344,0.6753528100323922,1.554640534074931
73,4.6605512703347625,4.324020495631156,3.775491084774703,2.628470974088644,1.2038539194355597,-0.2731552420362495,-1.0529632016225032,-1.3084946436720892,-1.1681471420441631,-0.6746147007389468,-0.3042138810222369,0.5135886779831843,0.6929625028417946,0.7841058317854995,0.4734667244242293,0.4532517781849793,0.1773472549943865,1.0319656850546848
74,4.944645688211474,4.331988233889908,3.5759135624131626,2.298632345893213,0.9421032040212058,-0.55483152054885,-1.0754271638429453,-1.4582655877813333,-1.1115812938139915,-0.8021128623851072,-0.39935118093766386,0.1527242965238633,0.561611040910196,0.5081993061804411,0.3718769365239725,0.10175680769703516,-0.1335738685327446,1.0727786159056663
75,4.825935083709415,4.416217275557578,3.5244107229893924,1.827686766400654,0.6517865028146479,-0.7808111145498586,-1.3531366781736545,-1.3765107875752407,-0.8965253997216535,-0.8255223478523152,-0.1625299169551356,0.26432857545876065,0.5087964798337977,0.40036547678208334,0.4352127661795744,0.21285594665796823,0.4404949015859373,1.8346167760119214
76,5.1021516655180355,4.706148108825528,3.65222720580796,2.2385204908239604,0.9851859941458232,-0.48427637999145035,-1.1929382583674182,-1.197873030693785,-0.9388738007534194,-1.0611590249964347,-0.4000757558647924,-0.16452745301016683,0.18126902995639582,0.0768089309651942,0.29606049542106405,0.11778927631404412,0.6790012671434945,2.1289183970510557
77,5.220462162200841,4.710721714667823,3.417654724497486,1.7406147033189263,0.10680065627228519,-0.9949560523323941,-1.610328232097011,-1.6629385542734452,-1.3377544026749044,-0.9948026209658904,-0.12511397731464013,0.30599858017325887,0.4294100029191159,0.24546780419590977,0.08152056678280567,-0.2621188947993493,0.1948867496827809,1.863159960277729
78,5.320083493205958,4.589787912881504,3.1000540820806917,1.4013080213459888,-0.3132600400757072,-1.1829656048508865,-1.9724954700043043,-1.7732539314657503,-1.5028047272077978,-1.0941160392718918,-0.3702541352588518,0.2926500838564379,0.37068030905135024,0.20953072575160436,-0.2192092257521564,-0.5554565798235185,0.2723022578266048,1.8032765374208612
79,5.372609183432334,4.515590778186398,2.6168570624561367,1.1507834560258376,-0.4938313354916102,-1.3871489155776409,-1.824200773530464,-1.4740770001401355,-1.303111308195664,-0.7494761639464675,-0.17442275878678892,0.30190737082662383,0.33915410721162625,0.25922271987391526,-0.007510468042988577,-0.05363944058218356,1.0057162532712856,2.4834084353421715
80,5.521528268398278,4.605655826523883,3.144555980972383,1.6269158608992973,-0.00692436115390227,-0.9694731404419609,-1.4394427745144207,-1.4477147763624356,-1.5339489700715343,-1.085556548332346,-0.6490518632669551,-0.09096994547963883,-0.03285858134338558,0.05985611183989897,-0.09024190382659203,0.11054219952081595,1.2170161493056626,2.6679222951875214
81,5.697536458395105,4.467445661873305,2.6310223526058794,0.761149291552208,-0.5586843415255703,-1.4487529113009465,-1.8690000447494732,-1.7434307531954039,-1.4723204927869509,-0.7250964637548383,-0.11735567462124974,0.21073912268485007,0.18852638649554398,-0.05908622750800835,-0.393607441098975,-0.3383459924397036,0.9524391478538579,2.141893901971355
82,5.755734706258552,4.258958760696805,2.3633620569784473,0.37493305441987157,-0.7490042415803406,-1.9175699967384352,-2.087146148542613,-1.9622377102651847,-1.6674949398698453,-0.9443063288557063,-0.07792658079161846,0.265422386018359,0.16578272484118145,-0.31074200770042254,-0.6673256832743817,-0.24358192832384828,0.9782307451304881,1.9289055501378654
83,5.714858312958709,3.8092297723326163,2.1346243553585627,0.16962256410788368,-0.899626448819973,-1.8187195640923912,-1.7519171037136396,-1.5836335713131575,-1.2038093300644086,-0.6703852307862399,-0.01337456764326922,0.24078709478179905,0.20003200069572186,-0.011353568731396757,-0.2392295725434136,0.4699512520493351,1.6333938251764317,2.61108088041724
84,5.752323306632765,4.395790821254595,2.6824408912203737,0.7722976423087661,-0.361170578739767,-1.3496265243925063,-1.7128735122512446,-1.7966432116343691,-1.6326482346608955,-1.157505697300196,-0.44888638279984944,-0.08996480365306135,-0.004189887605801912,-0.02477488176381759,-0.0965933591659066,0.6522419024346715,1.805502068013399,3.0469131680275394
85,5.748968129816547,3.959553183223968,1.9010100937429386,0.18081473940655846,-0.8890993456606751,-1.735987684882684,-1.910416402712558,-1.737535699949076,-1.199395135134718,-0.629398086872559,-0.1365304420538284,0.218066232245026,0.0034839503147615636,-0.19140082132998076,-0.41756341071465625,0.4611759164207566,1.3125657549091163,2.835532730454473
86,5.676101498506408,3.863163761756594,1.6167655190894277,0.028129734507339688,-1.3950644921743396,-2.043433732328694,-2.259757685535971,-2.0679471878821767,-1.4309588688802557,-0.6075094955780499,-0.008615777958048354,0.26515895064562384,-0.2007598881957693,-0.43164686110278405,-0.28287651892425114,0.575444773251352,1.2370312544830129,3.1744898192962694
87,5.221612150816278,3.6503845099119188,1.405619616708397,-0.08985597338186779,-1.3703491794151377,-1.7169736652567775,-1.7718314735003537,-1.5361175293064422,-1.1263719166786221,-0.48250442954799116,-0.022706962908047357,0.2800575888160314,0.1723630145480033,-0.06020299848197164,0.3957643658340516,1.1983539194950796,1.843658487092513,3.410562033861577
88,5.74221608259843,4.13925967687114,1.9818443213164945,0.41306547230516705,-0.9712602183186292,-1.7073086686188035,-1.9481116466815225,-1.9817864472048476,-1.5459282262859442,-0.8564633949565468,-0.23359624411098923,0.11141056756997336,0.19859691453144496,0.040202180449306124,0.5113725469171093,1.3184418290216213,2.161657887817521,3.666783354383605
89,5.529241777052194,3.529722248569632,1.4297635017805397,-0.07568600287830379,-1.29808710416743,-1.8250667025893417,-1.8859224727557644,-1.5179196334689486,-1.0273877136078382,-0.49746018705769557,0.14221077716092814,0.2906836063877922,0.2431001231791089,-0.10987433029276192,0.4186672069725058,0.901906314250991,1.8766285100386995,3.6483248759835867
90,5.541046853144642,3.2607385570714498,1.1826462714338954,-0.6647690619219985,-1.7575357087647232,-2.324750378384598,-2.297371245830935,-1.7350510227256108,-1.048773750883786,-0.29188137300056255,0.33458959572485697,0.23710978671781818,0.1451517191452812,0.1545945480618149,0.6791677103943717,0.9761352994894538,2.2708000345775456,3.9236996706023124
91,5.393368296878436,3.1292040217881394,1.1118837270580384,-0.777108457144938,-1.543102413854715,-1.812597036573625,-1.8312571805556526,-1.4878561984247631,-0.8549610131935532,-0.3033701558594026,0.2736705321434998,0.5894427258035415,0.3854398600278894,0.6942033252063634,1.2050763714354102,1.4658569627495242,2.447450200509004,4.295439421187243
92,5.735456123990413,3.6020054394387215,1.5538954784400236,-0.4310825440226158,-1.5346432573110729,-1.9199499729281295,-2.206730945554944,-1.8024597903365183,-1.1633382001336492,-0.4102609526617329,0.19618086352368713,0.6240127516106331,0.45541633320564695,0.7533949465429803,1.2873739232996968,1.6525498684747242,2.6433603722469927,4.529337937168776
93,5.281111979248719,3.117202779419813,1.1316599742282616,-0.6500498361011174,-1.532734225846779,-1.7730362826022068,-1.6909218954650722,-1.2455369462665644,-0.7318565448718255,-0.02053894535779005,0.5208051650481957,0.8187515216250026,0.3733828917722115,0.6701335781669958,0.901981093455913,1.233320029102391,2.395758208197419,4.478708892317135
94,4.990490976166896,2.7998902443404066,0.49968295527184725,-1.2012192699337287,-2.1077857092446206,-2.1388202402447165,-1.8821276577218655,-1.2804064158331985,-0.4094855481791641,0.4399704252990828,0.7526175390216844,0.9628118490523986,0.8195172116466468,1.101678061132909,1.0782247096797843,1.614052611175092,2.6563550842753445,4.24300087414705
95,4.894701287279609,2.7032834585150782,0.16944143834932957,-1.2265720835386016,-1.7343486552910963,-1.870316174182292,-1.7610350857640311,-1.0759807685961378,-0.43550978455971906,0.3155288728920815,1.1311488170572912,1.1965375550615471,1.3455894840379559,1.641887296015892,1.5601762658615401,1.8116187628549043,2.999914774582418,3.9815621804666277
96,5.157538620990022,3.033569532879147,0.44224481205494204,-1.2855749934134022,-1.8955831753073278,-2.1816001657650963,-1.9794323960124867,-1.3665690003418205,-0.45854403280686434,0.404994755439706,1.2368342054016424,1.2660882941530411,1.396603903018213,1.719953693460449,1.609351099992879,1.9324987602737511,3.1881911514800816,3.943211390464886
97,4.799133162265331,2.6647237347391313,0.2927636951654671,-1.1669847678071292,-1.6309912402718432,-1.6578425405311878,-1.3972593146158894,-0.8634392825254211,-0.13417169539901025,0.7998273919029917,1.503447335611574,1.2442894367060167,1.3226938947407552,1.3904871488765715,1.085817186689596,1.4974470886149525,2.9299144253556317,3.8602947084803074
98,4.5774795599153935,2.1042717778480013,-0.22245410309996172,-1.6784229642829778,-1.8478713200446144,-1.859434507730524,-1.4257862446630656,-0.4482118078165865,0.5667217702855285,1.2695630764035732,1.8877301201520815,1.8204221488549872,1.9045430615483099,1.6363330322463,1.442185570397724,1.7433046315072134,2.7751136799101817,3.833082219696937
99,4.513468976089231,1.7203791164706006,-0.3438980121720817,-1.3803724203218113,-1.692863115398598,-1.7761425806633278,-1.2418840608654103,-0.5065858586239355,0.42354231610167525,1.7007104279799385,2.1054100946627385,2.3255086635078928,2.425597988355105,2.0721989547103767,1.6243876383986127,2.0374996465690383,2.582417086288023,3.670778448176166
100,4.670919325862173,1.7977218387916647,-0.5716848514320626,-1.6994404002798742,-1.9834390977500536,-1.9549044538986269,-1.5461405363732743,-0.5028278208088982,0.5771790452501107,1.7322050602839,2.050463450574669,2.2067241782955893,2.357264636105036,1.8931407312950863,1.604170264982308,2.129967243324982,2.5129752720324294,2.9759316700719607
101,4.332954801721427,1.6242083250458847,-0.416837071709361,-1.4060443498292658,-1.5807039709455624,-1.468288093075345,-1.0080620573496857,-0.30948777123067456,0.9530272479744941,2.0290113296604906,2.08973177532302,2.0976473247228715,2.0613507688725154,1.282816939101024,0.9825840180629988,1.657487730005455,2.2546132607076244,2.731294323094654
102,3.8162167484548943,1.0929982854716254,-0.9052330084024544,-1.554838178520711,-1.8812229131390195,-1.6208207374055683,-0.6769643098951461,0.38385548037280154,1.449880779429685,2.557298708112895,2.716436801104777,2.818005730027476,2.403956704461333,1.6538919337939793,1.2145413196131833,1.5998705770602293,2.179018004349107,2.1584224768745783
103,3.557360485788724,1.0482757595707641,-0.5673341928785813,-1.3802329855689763,-1.6676749904122474,-1.4078119249629204,-0.7185001773423334,0.29395154255102746,1.916168270059356,2.7010865115793345,3.134242425974377,3.2602851395173373,2.7344757412027207,1.8069918084767818,1.454581075301429,1.4810291940579288,2.109878094762938,2.1667137206887825
104,3.312057409161158,0.5823319679766867,-1.0540883563440553,-1.6542408881024204,-1.8358323050730183,-1.690787960006079,-0.7042544969415934,0.4245155508443704,1.801618184872417,2.4993488226807923,2.8025340500405758,2.950882702167353,2.275747237444363,1.5848368939083957,1.3911645755904545,1.340379251187203,1.5226689328290224,1.5517434582333403
105,3.088491004677688,0.7401227692146766,-0.769151117075828,-1.3642856183559662,-1.464035942369577,-1.1023767693108975,-0.6180770713933448,0.7511387003245962,2.0923392736647406,2.5936896684659807,2.6773879291572737,2.716566179997642,1.6556262235627246,0.8425341837877885,0.7533407946991548,0.9358022635287833,1.097014000198026,1.354219012150621
106,2.573367975256067,0.3022963846112331,-0.8309534178500624,-1.7002865482120249,-1.7396723554269542,-0.9282499097428931,-0.07784052385902646,1.1094619913445696,2.602232428205581,3.0939221648476067,3.371958045843452,3.0118858709665557,1.9484844031475905,0.9711816661468363,0.747632860005366,0.802057423250399,0.6534534378164328,0.9950314582783122
107,2.646351916358027,0.684947121945499,-0.6429656240197624,-1.3403092796015907,-1.417603688107465,-0.9103690716029275,-0.06675745013624979,1.6336593988529384,2.7082288954595746,3.4007348386348406,3.7163722820986216,3.2400227687103094,2.0874102886281967,1.160576102052198,0.7117046715871913,0.8263819525431704,0.7607185471582872,0.8028860240817103
108,2.0758594365314487,0.12839683309574607,-0.8286918993342072,-1.4353337728068791,-1.591731404312782,-0.866373223094881,0.11590669681712629,1.4985697326732643,2.510255385354461,2.9666726459443957,3.2328203304097993,2.6581780564069226,1.7654634887339158,1.0120260578531552,0.5644898382667723,0.42032180365390337,0.276977569841212,0.3824252627727016
109,2.098858401746559,0.27213363785194633,-0.7471504465647558,-1.2275107951834516,-1.0654505407382882,-0.8869824068332702,0.4094734473147497,1.7572379903688926,2.588346948881109,2.86742226596901,3.105175662050852,2.109526923317783,1.0149497672547838,0.3242018050295286,0.0837772667009027,-0.12902770798643234,0.11249473438435774,0.387078139167548
110,1.7932735365588341,0.35042367827226945,-1.041369703249109,-1.550072235585132,-1.017244034597111,-0.5501897133235665,0.5810216600773381,2.116166038280046,2.818470032491627,3.3303371791894296,3.159354274329671,2.11966843255946,0.8585814964304279,0.2145750488773172,-0.1876209279542436,-0.5038208170901024,-0.05221133714874818,0.18891421488527504
111,2.153811305222218,0.5438344454897719,-0.6067253735218847,-1.1276756961147236,-0.940286826977542,-0.3942799900439178,1.1852284292520499,2.2497752986523736,3.0202403944653113,3.538157233592772,3.296641668638408,2.205816477645608,0.981404571541348,0.25008077432593184,-0.05573691106318185,-0.32231885322592135,-0.15729749297099532,0.003700472011951589
112,1.5297956441127476,0.4816937388044999,-0.5618977874839983,-1.095263339360245,-0.7255608082187296,0.0009384179576779061,1.192837340480927,2.1874507425178202,2.62661692293513,2.975829585118008,2.708051287181067,1.8435628024671364,0.8002629667651966,0.12100349577602326,-0.2614887974668988,-0.6869111602950025,-0.4958931013398269,-0.07366897398128494
113,1.5266365731173503,0.340317646997776,-0.5005585836891792,-0.6715946395738559,-0.8441877452623797,0.2655447004194549,1.382098427004977,2.1785468566733464,2.5326678244450864,2.8973911876441236,2.2195297119861195,1.139044018479776,0.11617627843491618,-0.3818812949274851,-0.8652755299851345,-0.8173062732772534,-0.4202681861457978,0.3103366411692846
114,1.740797482161,0.11987931885522507,-0.7971286576738679,-0.6953363427433051,-0.6893153000271233,0.3122956216853546,1.5719841224281463,2.1355016893875662,2.7423243149161545,2.683642480776456,1.871630116388697,0.7171437222988302,-0.13991263338514054,-0.8088174806438735,-1.1829979912052093,-0.7999179200673315,-0.41770084760581083,-0.07882259168670452
115,2.0758606483693502,0.6701145769571164,-0.2784717725679481,-0.5917128413656408,-0.46070730327474413,0.8841964191613837,1.6687546424910837,2.231266468059359,2.8128487505939854,2.7944017850615577,1.914351071613058,0.8526132327306073,0.03419528008735068,-0.49537476907492745,-0.8943657648759603,-0.7622913735890269,-0.5406359764731956,-0.0827359298396281
116,2.1086423113009003,0.7978334913086502,-0.09967583689941811,-0.24274278438939728,0.06917171794914567,0.9700716878552214,1.6841077671287168,1.9245609023132129,2.248280115745718,2.250324775062797,1.558402390658884,0.7239026360681222,-0.05052511191159803,-0.5192867222801858,-1.118365774364436,-0.9849117769927543,-0.6034025031065625,0.005725747588138402
117,1.7068859457800176,0.7072560236771442,0.19813719352411835,-0.3824039235947859,0.3385368930680303,1.1682695684810507,1.6419592903706668,1.8646335134560608,2.170940610676572,1.841692955262645,0.9172499246456424,0.06674821544821458,-0.5120192634913163,-1.1030467882924855,-1.2126935373962011,-0.8430157706293168,-0.24599752013970266,0.048458761901781916
118,1.6401543833961205,0.47058338799701027,0.1791206865583967,-0.34628024307183425,0.34589327952733323,1.2690052739624207,1.486944977733619,1.9894185582827348,1.8807061365830633,1.3375842051436764,0.4293722209317541,-0.23778537019410628,-1.0178318350734685,-1.3150792682722576,-1.019132388906066,-0.675858785269953,-0.3291937173976168,0.20534322984974715
119,2.2162996232475005,0.9647622230673775,0.15857146154123622,-0.18778064158191157,0.7226144337090596,1.2309647216136175,1.4056698091058089,1.8948101354007663,1.9337528756458895,1.3226360351741047,0.5688207166994876,0.006357344586015945,-0.5931976584876532,-0.9792117410345954,-0.8871070467457306,-0.7654852615562943,-0.35088329328473866,-0.2070544306567213
120,2.353167761764908,1.1890249364538081,0.5086907952154072,0.2508721725763471,0.722449657637113,1.1806350924450464,1.1674745867613778,1.3937451531393266,1.5047822090821477,0.9749944276123738,0.4957979958792992,-0.03116279882326123,-0.5037717486701117,-1.0883385721559866,-0.9777772821361239,-0.7876559662172088,-0.24289376468807908,-0.21521661176452714
121,2.130620821456171,1.3585481307989673,0.3906698044739906,0.5111987019871848,0.9108396689846495,1.0462222023942034,1.0778633843130794,1.280969368385051,1.1962848664602352,0.4901303206777432,0.027855009584592916,-0.29466088363130744,-0.930630311002802,-1.0462288791420988,-0.7329708124058945,-0.44685571823394865,-0.1987591190623446,0.03740722934254981
122,1.9191745213825568,1.3660802124703524,0.27309413275226213,0.49706301836542344,1.0026288178280462,0.9517205425628309,1.2560283099124145,1.0994790314626486,0.7108038159788604,0.07843382033892385,-0.26728067929821653,-0.7985254982142991,-0.9860104835464685,-0.66233519153052,-0.397873169711784,-0.22767986468301749,0.1745098576594705,0.5634097859050997
123,2.3431816711649094,1.1736530786242847,0.3266029621299351,0.6339270415884086,0.8253365419157943,0.7026159706321158,1.0073247866230521,1.0644026175645542,0.6327546562538623,0.2040864285601693,-0.04533229251216506,-0.3820885939922003,-0.6971409811774408,-0.5336153788493943,-0.5412939037075357,-0.29649998865329596,-0.19926613330853707,0.18797422757622134
124,2.609054091791887,1.458050888525729,0.5514027851533482,0.5059423729194413,0.6827203740659695,0.5614734790553841,0.6612195340764742,0.8771189495397684,0.3455812972518355,0.1389863102470522,-0.12785780035209848,-0.3199989047472027,-0.8594620650043457,-0.6249142596607595,-0.5997628940255726,-0.22730107057524254,-0.26468630653527425,0.25298692775572046
125,2.6289263158858005,1.2846531335663007,0.7226616733118405,0.6040422770977947,0.38093802396243864,0.36848848840631465,0.5689198969205458,0.6784881388820796,0.0904116793361695,-0.027276858949442248,-0.1471846992057418,-0.5558816330573386,-0.6015633361056283,-0.24835411602520235,-0.2673013086329461,-0.13779368020739802,-0.0179197279267356,0.32947422186930253
126,2.705593763923612,1.0085637469128896,0.6730283457044703,0.6865070667578946,0.38971129087855605,0.5421287669699204,0.4955640276067258,0.23652655531267902,-0.31130360692649084,-0.36702469695982004,-0.6677963384929669,-0.6249702235832842,-0.22239863124131665,0.12644044378718353,0.11411620172420982,0.32643661498252097,0.5059989521824892,0.7186889446903417
127,2.326389381631245,0.9524098096784104,0.6123983246124021,0.4352419852267915,0.0723395488923732,0.1960839099731415,0.38946723574329434,0.08631370239835578,-0.22087568819399778,-0.24520132043587473,-0.325067163674638,-0.49199607760388536,-0.2323757777569585,-0.19613406640084538,-0.08922014060485214,-0.08807689404428903,0.17108481103139894,0.5831812815907957
128,2.459773178952066,0.920836908903443,0.32325808397990163,0.1557830821137188,-0.0008095197796498532,0.059459220422365365,0.4296930368925749,-0.12432474283409667,-0.30739399917407173,-0.4071863253987075,-0.32891168107436636,-0.7516672521519674,-0.37205738122163146,-0.30996545409488985,-0.08076517431098212,-0.23894091413235974,0.10871168158659089,0.4736077329839398
129,2.142970363024531,0.9756145947934465,0.351109762449545,-0.21434731606642574,-0.229575862887215,0.09406028740864836,0.36770214795529704,-0.18372339682150451,-0.24134698767711182,-0.25098576845124776,-0.45676422586418025,-0.4847735737825882,-0.05260065483832135,-0.1678377255972522,-0.10699728629853728,-0.11836052198948238,0.1277684677589746,0.065435967171701
130,1.726813818906742,0.8397588532884686,0.4211748078305788,-0.12616899839989784,-0.047097878915321384,0.1620986972859744,0.08754688727780108,-0.5731771381026403,-0.5625501735457036,-0.7075066712409074,-0.5288123696451967,-0.28178366430502455,0.24043327037775797,0.22928926953857165,0.29042355821595633,0.2866555934753108,0.4788725483171229,0.41305564569763553
131,1.5114373656090692,0.5421013559080999,0.016314999779370745,-0.5552100901895327,-0.4773019938515994,-0.013502950950525477,-0.13864936709780645,-0.5113098978107566,-0.5277178284286419,-0.43554543064628704,-0.5495411599618681,-0.4525753676501921,-0.2787129184790448,-0.13215406811429486,-0.19408561930613666,-0.03510667464272141,0.38840513184336584,0.3432562269254685
132,1.2955996991737284,0.11795181379664804,-0.4085919059623079,-0.5923071574261766,-0.40220382390969367,0.1607088434352416,-0.31879193154997787,-0.6392558701834472,-0.7706976663302332,-0.59184481061247,-0.9105528075764266,-0.5791868381666277,-0.3528967709705564,-0.09913259622868088,-0.3220294399792444,-0.1336269246457878,0.1747498075675393,0.07333951190650931
133,1.3255755877539492,0.23753811464593524,-0.624110054028284,-0.6892594512161865,-0.1666452059752963,0.2168334092551161,-0.30288570617604466,-0.4732944777030759,-0.5306518082233591,-0.6294470732915999,-0.7209097418862911,-0.3566709937233673,-0.4295672282959895,-0.27717172975001436,-0.3668280094047404,-0.15749965864302792,-0.17819174961908102,0.1699462692617442
134,1.1074151733122355,0.3352683827827516,-0.4039268720723084,-0.39239841339547527,0.14529776981920017,0.25823676173985194,-0.5811272000115457,-0.6980488066061428,-0.8723259808686064,-0.6384655492038025,-0.6747365700618824,-0.14111549861775,-0.028698956822653776,0.02466508875447893,-0.12966753571915762,0.12353438347147525,0.03258457634602952,0.0362295688253111
135,0.5231730973937436,-0.27801112441418196,-0.9796048700863447,-0.832821286204922,-0.06663505233811973,0.0006177273558584107,-0.5277173518556926,-0.7217801713644638,-0.7210335889960459,-0.8034288598012439,-0.9704666774555162,-0.7018585573196644,-0.4128842536695363,-0.4023766826658729,-0.348910713750493,0.14672836381872612,0.06448499800349347,-0.3147207364512113
136,-0.06356989158373857,-0.9181359964109526,-1.0559760689832023,-0.586140910786006,0.1764560022898476,-0.19119367893064143,-0.6997384614934847,-1.0538794000262819,-1.0850189798149124,-1.296173312484239,-1.1307876206175322,-0.7754137423116382,-0.36036551733397637,-0.48929075749821577,-0.4630503509962906,-0.12967449582675913,-0.303915778274989,-0.5460904989253517
137,0.18653564491821878,-0.9334750453169383,-1.0151052750451175,-0.22984991683466383,0.25451030001722286,-0.25404293185220567,-0.5755166313536316,-0.8663534293976534,-1.1061458069335666,-1.2610008661148555,-1.0432359184355486,-1.039413390146433,-0.6098744282868027,-0.625118469030439,-0.44327828776159567,-0.3551077394166656,-0.11480864102040073,-0.2992783573144409
138,0.18751748182615136,-0.6807891591016467,-0.7258853217227887,0.20771834133503803,0.5774580986385207,-0.34172066319228567,-0.6756552537903893,-1.090554662657455,-1.0405912537406545,-1.3454724373744988,-0.9083723731940636,-0.6593059366271911,-0.4112855199524586,-0.5628920522246805,-0.26683913321309805,-0.3123519567038405,-0.43270962238213484,-0.6325355635091452
139,-0.5442350069205404,-1.293270587842783,-1.0092639479170564,0.08196737902015205,0.4014088538904321,-0.22327457576830745,-0.7217077494468513,-1.064394620540695,-1.2937436948105017,-1.7026381425650015,-1.4369281883400502,-1.036309049378306,-0.7746715184387901,-0.7036438493510123,-0.1715001846247349,-0.24411888362501294,-0.6412373873415814,-0.7162873345175209
140,-1.3653771510936643,-1.4183678146340024,-0.5978005168574544,0.43124314380582884,0.22857635290943545,-0.43449807615534936,-1.1360878317178702,-1.57024133275093,-1.868765497014966,-1.8406285542924063,-1.4980641801202803,-0.9483758412391935,-0.8524945473288217,-0.8673796013479789,-0.5397405401166767,-0.7026716685324321,-1.0171543658071704,-1.3055032163261853
141,-1.1567371349755886,-1.2122618433971195,-0.15890295085677864,0.4903604969756696,0.07147083694657141,-0.43456661771947386,-1.100541656888883,-1.6464436750085594,-1.9245072760375155,-1.8189947808070905,-1.8181102993703346,-1.1479599586025753,-0.921874850666609,-0.7455358805941391,-0.5955052042285656,-0.404873250117301,-0.7286447671098826,-0.9557034952342567
142,-0.9570803055081434,-1.120099558852678,0.22187390398967877,0.9459977403163364,0.12467681844572864,-0.4235847729233829,-1.173559486167584,-1.5068304941996988,-1.9893077226317266,-1.6580862267550565,-1.370002892942449,-0.9364941768749713,-0.8861973492208737,-0.6461839616804368,-0.7000563864082454,-0.8807018725479745,-1.1570298210867855,-1.477450298405328
143,-1.641368340584829,-1.3254345699777481,0.09629721990193352,0.7569687490532113,0.21972289359457364,-0.5384780386581227,-1.2486660589284289,-1.7819177992256425,-2.3281087547530506,-2.1119730813005027,-1.604527047368772,-1.1824400011482072,-0.9180151444365633,-0.46127085744014285,-0.5720248648047518,-0.9911569330442556,-1.131072660836855,-1.4781887297752156
144,-1.902058233988913,-0.8873754437303111,0.4484402097571695,0.5685290447098207,-0.022586495878991975,-0.9851838352779642,-1.7695507660180754,-2.3296723416196854,-2.4077564736516957,-2.1982327269671162,-1.5220786112599312,-1.333223960322749,-1.2091429053301002,-0.9719562056565598,-1.1359936840041427,-1.5072493412085088,-1.7445624178015855,-2.102614370777595
145,-1.5009054546341083,-0.3433966759852133,0.5229968073611859,0.3618278457068656,-0.23084814912604684,-1.1479644096934278,-1.96772850741051,-2.421348022789734,-2.389966483459041,-2.446178008351565,-1.6211968808458745,-1.287016051936371,-1.0417322909015296,-0.9254096041511424,-0.7895707120159916,-1.1945332260660662,-1.4146858958868698,-1.8627477334058207
146,-1.7275122789974686,-0.19659541270413539,0.8843416105648421,0.37906763703096247,-0.22471222924942363,-1.0870912352849023,-1.7723078659539468,-2.330061852510093,-2.1129996796901938,-1.8981156938910382,-1.3414670317097825,-1.112918831397667,-0.9577448354015955,-1.1105872100828742,-1.3413494057350714,-1.6660613755825073,-2.015672895073765,-2.422610164631272
147,-1.886186627611802,-0.30652959096208243,0.6932701660983225,0.4475038688666732,-0.3555467384542632,-1.1346597534728227,-1.960566053313191,-2.541836818440296,-2.3911115668660505,-1.8804198284084725,-1.440849126082005,-1.063407909858908,-0.709462515890807,-0.9458315743565495,-1.4195214091553405,-1.5780887212895565,-2.0035476007077273,-2.661448159796267
148,-1.587403697240121,-0.08506631241479645,0.42522306459590276,0.23402369971064002,-0.7335352554626187,-1.4942902504553517,-2.301398331282234,-2.485819518860599,-2.485700767786668,-1.8307364879579555,-1.6686494494592945,-1.4000364632215867,-1.2435339786085238,-1.519330626240316,-1.9579341579671141,-2.118988180016647,-2.6456510527122763,-2.9128461505841017
149,-0.819765120584932,0.14896294831721144,0.32046064141705244,-0.06792747157216061,-0.932677594776008,-1.7417412826667902,-2.3740567338232252,-2.4241051841422876,-2.63532739035504,-1.8851519051740824,-1.5834215941574648,-1.3078224233669509,-1.2367630442072288,-1.2353363041006087,-1.6872899164725865,-1.8480344816992853,-2.3366083844977514,-2.570776787419427
150,-0.8942522842086491,0.378726988570701,0.2535609377004071,-0.11455598985083082,-0.7625397772853115,-1.4783521665246377,-2.1135547904358285,-2.010508510513833,-1.978068499832119,-1.5433934779634366,-1.2670382189665275,-1.1543474672283727,-1.4277774455493804,-1.785129398309726,-2.1394903732852364,-2.481188827848329,-2.859882569385762,-2.917096169005472
151,-0.887049509134352,0.29892456479376006,0.36869757504632955,-0.10773332288137483,-0.6574995121932119,-1.4761272458706507,-2.0752223684161204,-2.0179310907588888,-1.7452166750344833,-1.5594604451050913,-1.2197429063461114,-0.9811113995612611,-1.3475662645570825,-1.9004190873803235,-2.0498236101505096,-2.502705710245531,-3.0468024676218124,-3.288240732727323
152,-0.794420990088666,-0.040438678730220876,0.27879913894311487,-0.2615570882103926,-0.7329967540095808,-1.4744857888912204,-1.8132889329568576,-2.0568882823688903,-1.6927481763815677,-1.7790035691162425,-1.4928745003859216,-1.3328164448361781,-1.7516115792977156,-2.299037260259619,-2.392681908341709,-3.0649969567466093,-3.3125396457674254,-3.6207816646513056
153,-0.4009194766764884,-0.03018479407223998,-0.1008995821272965,-0.46862886242872304,-1.0150613841749148,-1.5731653712561495,-1.7841642238307762,-2.2093914040845495,-1.8120079086392973,-1.76670129821656,-1.513128933656099,-1.407591621595027,-1.5606448195775098,-2.091771428021222,-2.1856783482119226,-2.7163055957417503,-2.94986272283839,-2.9322046692909915
154,-0.39037384794258423,-0.25400364186956836,-0.29386893383946144,-0.294141237069852,-0.7666686998441005,-1.2419520726546034,-1.3483645381518121,-1.5056869899823795,-1.4322821524699492,-1.3196661438930495,-1.2347616940164727,-1.5293159498360107,-2.050588492908826,-2.4876306869933407,-2.8239870408721437,-3.2002693466197254,-3.2224830890176883,-3.15758162299212
155,-0.3381279424103385,-0.12018916402010013,-0.20291358027662743,-0.1171136150889752,-0.5891323052739892,-0.9397820902071661,-1.0803054732314443,-1.0937398073551248,-1.3800174671169363,-1.3334578066187555,-1.2271967532918215,-1.652689029540388,-2.256495643387222,-2.4440508914725863,-2.9107927149944604,-3.370142204499177,-3.4408939157001672,-3.286238294666276
156,-0.6664224885151044,-0.052275013925902836,-0.05524354358228539,0.11678931909124358,-0.22637655963168252,-0.49559130645834343,-1.0284146384700676,-1.0185658474728216,-1.5077724782125521,-1.4551824421087987,-1.3139106836393417,-1.7346745334901388,-2.4039845750661026,-2.5095693494201514,-3.309051760437433,-3.5840730889239043,-3.7106059665646356,-3.5102649875305216
157,-0.6081205834427055,-0.5735139194414685,-0.3348572530191843,-0.2672455199782672,-0.43458025107971,-0.63378693922642,-1.268576923549802,-1.232672200536109,-1.5995477195125376,-1.5604756810912808,-1.391132059800047,-1.5750713516543344,-2.2175280175362415,-2.310735363670381,-2.8999214438625476,-3.1827029317734468,-3.086045123096589,-2.9482661256620784
158,-0.9968425370235214,-0.860565348611574,-0.12403015191493423,-0.01578947903835179,-0.05032075708802866,-0.25514799320705295,-0.651998702460575,-0.887540228125899,-1.0682252163434973,-1.166123019755727,-1.387039515555041,-1.871773062086351,-2.4812093992410547,-2.8890524341468704,-3.2950600317703116,-3.3558067705581154,-3.3110243488496054,-3.3819028557642277
159,-0.958737154159914,-0.8324591321364958,-0.06463970526760154,0.214405935769664,0.4102565526395473,0.21857321148215458,-0.08705703140230814,-0.7224569551041748,-1.119782869468001,-1.3020931733073122,-1.670825117998675,-2.1630629417459524,-2.5043126184183047,-3.064021598677196,-3.473874320186167,-3.459273911187989,-3.42719027966373,-3.665348529488296
160,-0.8760987981295001,-0.4438108896623596,0.39473362113369476,0.836676933972599,0.9872026874189754,0.40999188559414734,-0.018009004893229097,-0.7628746377130177,-1.1038861199962013,-1.1987547519724133,-1.5267152574130136,-2.0834756850361766,-2.3394637921013466,-3.3131766565470144,-3.638870817104528,-3.6563752734756187,-3.5799024358232545,-4.217095329585833
161,-1.3210673470268781,-0.5741526892789827,0.11190880674707832,0.7204178547409615,0.850844628185125,0.12772959257358651,-0.24291570491856349,-0.9184623984224494,-1.2186709578466002,-1.2252646749009932,-1.3741775168746955,-1.8478768935222922,-2.0836409862096605,-2.828442940907707,-3.1619737463472477,-3.0502672593346167,-3.1615756079898376,-3.82984377198653
162,-1.6322287140069633,-0.28770790329546975,0.3356638541923105,1.0519775856894185,1.0606812168602295,0.45568686143155646,-0.07062193770245062,-0.42399278635964643,-0.7693284028102012,-1.1040353856954972,-1.4243577718143612,-1.9779037055188349,-2.5916621633378236,-3.1227509442058934,-3.251392654649897,-3.298996550383978,-3.5433677523404885,-3.7274672972508753
163,-1.6500281309838272,-0.4065661460844552,0.5490450926670172,1.548076299143299,1.5725673508008655,1.0384861351567594,0.17349138207823267,-0.5305019812491514,-1.0051105763903714,-1.5144040571405855,-1.8205905505651483,-2.1417017667536737,-2.9431009365979435,-3.414135577503177,-3.3229927421940566,-3.4501998415920063,-3.8214133343410994,-3.7636692294135456
164,-1.106698713875053,0.2157182942633511,1.356047255674754,2.1963213509627986,1.8556495005153613,1.0723529613032938,0.20974811399566126,-0.4237122623422641,-0.8092185673894774,-1.2721465669545708,-1.5882162614678101,-1.7990786807953436,-3.093960453364547,-3.5510735349635225,-3.4510499090380815,-3.5519556413106637,-4.27343634632653,-3.8499192612443456
165,-0.960781603393745,0.18289431997386463,1.5088894069490988,2.2298777281650017,1.6445128525689596,0.9261508784423595,0.037438577651361354,-0.5014334198680602,-0.7678246664557865,-1.107119234750261,-1.3084568322224157,-1.4735442927939892,-2.5368618439338313,-2.986967194287636,-2.848806346270573,-3.248957833604595,-4.044462362404815,-3.8248117319747594
166,-0.7101694021048675,0.18411760390564247,1.573877395016937,2.087633823914161,1.5306189215154995,0.8094959720172681,0.42241190906901505,-0.062009646622804435,-0.6034653383884865,-1.0205065865332703,-1.424657395406658,-2.0009443697479505,-2.8094392660381047,-3.060537140480507,-3.134926457569149,-3.5801388925287996,-3.966162352202642,-3.8444819734873996
167,-1.0092298794307957,0.30315383691868947,1.9671833984353693,2.4913637599262697,1.9322426277867317,0.993180211531135,0.20618831096920337,-0.3647582333888727,-1.121936018474014,-1.4996974006228776,-1.7587001142904615,-2.5605349781525617,-3.2996329724143014,-3.1703562023708765,-3.3702357487937906,-3.8737142996581184,-4.006373288161044,-3.7688449445796923
168,-0.35329935954977887,1.119803090738567,2.5259844133211877,2.7240323664413255,1.8816250206084377,1.0796730542589283,0.3677201225140341,-0.14337855791662152,-0.8991154758260622,-1.2244597969912596,-1.3097992878549904,-2.607323763687253,-3.3722006028578324,-3.172019666091595,-3.372983727686667,-4.201949438206218,-3.951267003043035,-4.071359814619873
169,-0.09539020397953635,1.556485115120954,2.753402517214991,2.6316323492817584,1.8301809800536535,0.9273654280586977,0.39194670122695024,0.005516434420576449,-0.6812093231567364,-0.9270765400790324,-0.9714580145643141,-2.131667982786701,-2.8493252725649323,-2.7047057175371916,-3.2355205382440104,-4.174251230089611,-3.9895855504349287,-4.48245637848848
170,-0.22094776234027158,1.4866387830129641,2.430556359823476,2.2240336747458898,1.5157883260803988,1.2036350320522933,0.7769672562354741,0.15281042248359983,-0.5984984466678009,-1.1208619273386629,-1.5370542777680658,-2.4466730492006565,-2.9673783705422077,-3.0227363492046178,-3.524521996989801,-4.162228555864095,-4.119482209667757,-4.649839595037177
171,-0.28593911030894603,1.660189407412631,2.62826138477903,2.3328291088534705,1.518937338158488,0.8699361242294973,0.44477020325005595,-0.3782828982424916,-1.0518677323828889,-1.5018773322012657,-2.131825676800374,-3.0873722920828097,-3.1351080963875826,-3.3643623581188944,-3.8717361420003353,-4.28527949012687,-4.033873853939785,-4.50382858828481
172,0.5270837717181178,2.0945016643604175,2.742094225530122,2.115775767540478,1.5378182741997806,0.9083312238029672,0.5285395012747447,-0.3231017527669947,-0.8724087271185648,-1.0582624728249157,-2.129514118212205,-3.1277605751963007,-3.002211651343225,-3.246913382493546,-4.046579599230151,-4.070358254580372,-4.119086776802259,-4.484665523876394
173,1.1661350814369362,2.474167171068341,2.777610619504305,2.1008247257132977,1.4195886661913417,1.0785839837908817,0.7718221208706708,-0.10230300060307351,-0.6706126830923461,-0.848444184531871,-1.9115239664864236,-2.7357258514750726,-2.7294924923436836,-3.245110763114042,-4.183420041256875,-4.117082117498608,-4.574640428526744,-4.941319412909371
174,1.0095432612924564,2.084443385916261,2.2082324547250294,1.6867693698962276,1.5772680918214854,1.4292703206210475,0.9083253460166398,-0.05429773961136819,-0.9507460294539536,-1.3826932822427938,-2.2186669223367614,-2.8631467561747908,-3.0159495333329502,-3.4358740780827146,-4.21436076325559,-4.328161729202469,-4.784140765911463,-4.87380086217906
175,0.9611375957252135,2.1287399865605376,2.1402251030468875,1.605879001342149,1.2264457361038494,1.1288717903369783,0.4660450291973871,-0.4208751474646292,-1.2622394777722772,-1.7813790422256197,-2.7788277248995716,-3.027511247068679,-3.406382815558043,-3.816960247926047,-4.487778747830319,-4.304926072484372,-4.746494524516356,-4.425869181957408
176,1.1412033426085377,1.9948393417368098,1.6359515501628514,1.427376329752018,0.9915026655974604,1.0372993459501734,0.37118427056659076,-0.37805404434026346,-0.8903816531087482,-1.7174677643200584,-2.7760263018835944,-2.858719583887732,-3.236552180507073,-3.879168552114196,-4.189719917621706,-4.252922157041158,-4.599606037783589,-4.453923690024674
177,1.7247273809865626,2.1879786354834327,1.676449881686956,1.3313097060348276,1.2696400788741524,1.3348899084034285,0.5459540834214591,-0.3073075235361555,-0.8401085641473733,-1.7580610790961233,-2.5384948133460656,-2.69615707563254,-3.2996508379130267,-4.100838473363591,-4.190799758937555,-4.6929671945119065,-5.09076337352759,-4.417711789998451
178,1.3131420598277879,1.5413776800992147,1.220645123194552,1.3646561727174977,1.6124318585503064,1.4651761297072814,0.5574127599427366,-0.6601776877705032,-1.3023657979899632,-2.0407722547169356,-2.7117807246551164,-2.9183183482413755,-3.3519358927794665,-4.126690724375476,-4.428749410822098,-4.868798081587187,-5.043544406077092,-4.420076302811173
179,1.2800145540121646,1.4311711438937023,1.1534010809529274,1.0905136585980018,1.3762001740096559,1.0951990246996652,0.20522121177908637,-0.9118015964182726,-1.4286908084921757,-2.398139265388497,-2.7891947429099226,-3.1777825232111994,-3.6316697216913987,-4.486405231612441,-4.4190094690755926,-4.881762194764054,-4.7326726287635426,-4.079490359862236
180,0.9624593572544685,0.706202542805825,0.8691849127212821,0.6704098181026805,1.19357885865218,0.9367920783170196,0.15603517588360727,-0.5991695924875765,-1.2743925880308034,-2.323775108462695,-2.673364204547341,-2.9748015028768657,-3.6079439598750036,-4.152077649814268,-4.276420313615309,-4.60521745004181,-4.669902558365457,-4.0868841335279695
181,1.3042193643754925,0.7829246501329821,0.7458530878748346,0.9777462185683515,1.5143647960042443,1.0411799521430725,0.13585565211675876,-0.6695519335289578,-1.4535788119864077,-2.228623030932078,-2.5753494051528727,-3.037713463703577,-3.8100526569267954,-4.064721427084275,-4.614953469664476,-5.057261876863088,-4.623868606768716,-3.517880786651503
182,0.5417510727741883,0.25653189869456805,0.6446625684655939,1.272349842577217,1.62017631470943,0.9955808548878412,-0.25192368647484853,-1.0559680219853051,-1.724281263293478,-2.480767646580781,-2.785052473784404,-3.0701125261932782,-3.941626480838606,-4.4078655497933035,-4.8190792331650645,-5.066501684706882,-4.742498322381071,-3.5830070671637073
183,0.356297445578261,0.16610025995088393,0.4567596287291583,1.073517562601862,1.2864290935738485,0.6088493610954966,-0.5114539478094206,-1.0541795923532908,-1.9102976952952468,-2.465685329674928,-2.8852931049280506,-3.2356798552653094,-4.31306474337354,-4.3894079436824835,-4.884570354035265,-4.890603392145289,-4.513787615875966,-3.362943377139386
184,-0.5578903008546229,-0.14646212989328067,-0.04268738947584208,0.8753547196035315,1.1524002228433814,0.5469897805784707,-0.22794667072903335,-0.861542359402556,-1.8097575154737986,-2.4908017599617778,-2.7352727338354264,-3.2728862298020074,-4.047723288120137,-4.250593043550115,-4.543148297978925,-4.808392014460173,-4.485571452263112,-2.892171808656543
185,-0.39024504141952393,-0.25644967812535946,0.3376904328756884,1.269031004118005,1.196491533494004,0.4463118923354493,-0.4102274360279219,-1.1071011216209996,-1.862587671318319,-2.481399575032408,-2.808401775820879,-3.485260260429091,-3.9497924422323143,-4.511478824533995,-4.9511338489846946,-4.767568437819544,-4.010752641001174,-2.389635987074508
186,-1.0733210593366238,-0.5137181592989768,0.4840484526804448,1.255584383782256,1.028651216618109,0.0891319658505152,-0.665812142334602,-1.2683504605731564,-2.047567021243078,-2.5483546749985244,-2.7735629261931005,-3.672738576353726,-4.352373978246,-4.745131970409444,-5.018411750902934,-4.986383631112083,-4.041587514590831,-2.210659221042138
187,-1.1815050029243492,-0.6124620810778933,0.36306064588323145,0.996840817282851,0.6981474328472739,-0.17112248229920468,-0.5796522764638424,-1.2882785410594662,-1.87271124857602,-2.4724723241111266,-2.7840140079172153,-3.971029727034665,-4.2947978308694825,-4.886934445399688,-4.976816106888431,-4.872835620376406,-3.864420606723417,-2.2479122188612637
188,-1.5351979954201973,-1.1068371228624814,0.2515277338576806,1.0215394856199778,0.7633515901843542,0.16146903284636532,-0.37357952393076316,-1.1536591982809006,-2.065406933342842,-2.434438920599685,-2.947180399413522,-3.7933227415470405,-4.224485071383951,-4.524009759415689,-4.905534406376168,-4.815965391801371,-3.507408329174442,-1.7924485190117445
189,-1.5367607334344018,-0.5847079387978444,0.7502329991616583,1.064966033233316,0.6406397622638473,-0.15000063072998737,-0.668810099308957,-1.3502038164013128,-2.2021893805298487,-2.534277631700064,-3.1874094923590617,-3.8303901266524925,-4.5175952910427535,-4.957526598650542,-4.961369367056242,-4.513067036237587,-3.166230223552592,-1.5503631804612703
190,-1.9430448857080942,-0.5439271035345761,0.6528205889833145,0.8848654409275957,0.4422967981261898,-0.1548124639634712,-0.6268893339084338,-1.3532618181072662,-2.0415470062230643,-2.3387510615517844,-3.308576477821492,-4.09990593260968,-4.608442270894456,-4.950798329568042,-5.163879864221426,-4.448401173336164,-2.9746887841463963,-1.693769568941312
191,-1.963094303935197,-0.5426503308758095,0.523890507917723,0.7094271785912922,0.25318680924061143,0.07539376813488774,-0.4576253630897159,-0.9863550308898827,-1.758826621122509,-2.1085603765975267,-3.442896101883088,-3.9979307916206026,-4.810732813627306,-5.035561067842207,-5.19479265290678,-4.345456966946639,-2.972394763242961,-1.7247700068958263
192,-2.3611845827517284,-0.45249327230771386,0.8183424346791839,1.0195163324421976,0.7153932928765185,0.2920289465327034,-0.3018677213655221,-1.3361553045805357,-1.8587618433216448,-2.422410867936648,-3.328030200855425,-3.975716175763128,-4.432832817190057,-4.964106980322515,-5.080682115449187,-4.095952988161872,-2.5876019511077293,-1.3931359142471942
193,-1.7165544652760747,0.12677744848028238,0.8818067101995135,0.9725045788642102,0.3477275035624535,0.02371375492877713,-0.5718110481440009,-1.5843979619229558,-2.010628553481868,-2.654931525888956,-3.539716376570309,-4.325345530667089,-4.895394397132723,-5.1141780366424845,-4.978543833318766,-3.8884831560351856,-2.434785098984113,-1.0617627178643378
194,-1.7646061403296063,-0.057852216254347555,0.7670281083249332,0.9621617322776486,0.6152757994164904,0.28002295947673667,-0.39524996464684237,-1.2460753740107322,-1.6356500161640217,-2.635579487834627,-3.5952087326519613,-4.245090158008782,-4.805379964424263,-5.307512163909291,-4.856767113587987,-3.7302137532067836,-2.5046240977811562,-1.29763021483808
195,-1.5134843491048975,0.007603533546628682,0.7966724274618199,0.8605493129905162,0.9041463259873718,0.47896659647774825,0.06384754076287955,-0.8383773733920403,-1.1537576691429199,-2.56472760401373,-3.384051072965095,-4.437801192863838,-4.915190163940069,-5.43706974811009,-4.777467305669822,-3.6462866292676823,-2.3532609013274857,-1.0191082620749348
196,-1.304005351444546,0.4135970634794064,1.2243665677656157,1.3464323558493931,1.07558504890215,0.5662170286415069,-0.4047944940023936,-1.0685514685279784,-1.613270374392573,-2.5862635202115687,-3.4529188810092157,-4.162316542823637,-4.926712871543716,-5.345082702101202,-4.648428615393638,-3.334153057576389,-2.091911510407089,-0.8090963638168456
197,-0.5208403645932218,0.6067916892585934,1.4288090395118924,1.136603378780122,1.0046696805402922,0.3348238752747002,-0.6488199541354093,-1.2668956015801554,-1.8078058093369842,-2.9201501967421524,-3.778742577125899,-4.516954365184359,-5.019292743114571,-5.3327901402253595,-4.486454999905864,-3.2229635297660306,-1.868247550217987,-0.7358475810354186
198,-0.8411084918016469,0.5030606347141029,1.5204737276841593,1.5383867705994192,1.3615052829829795,0.5879927392163242,-0.2887774531622239,-0.8611169603441842,-1.685326778498618,-2.789384939333776,-3.5292919064158417,-4.394145113356554,-5.214390368281707,-5.2121507484576295,-4.421507988847811,-3.283170160348928,-1.9552161998119884,-0.7550904200287888
199,-0.7159770372991013,0.5863371544155187,1.3136856498344536,1.601017728286162,1.3620538209470556,0.9888303294235702,0.10512671252043893,-0.23410277066528795,-1.4664626594659378,-2.473371484531805,-3.7340391516103013,-4.509272894205741,-5.426053466066872,-5.1182154031757126,-4.26301187325249,-2.938944327926821,-1.5612215751325802,-0.3916233680514574
200,-0.2732093462636278,1.0550298652976935,1.768014251147243,1.6746249774175126,1.289160735900551,0.4632088354114079,-0.20629185529347335,-0.7602471548675807,-1.6957204470428482,-2.7375018042782964,-3.7356312909929428,-4.712368117563766,-5.48509605603547,-5.131402645205128,-3.999387135290576,-2.7129407004242387,-1.3430324824029978,-0.1297821298104167
201,0.030324781400593137,1.5162986954770832,1.747899015922792,1.8089652984477316,1.1727774456074678,0.2942554569927385,-0.44016334706651133,-0.9543469139303911,-2.130686990652514,-3.036089570586781,-3.9763131211115907,-4.671822421126302,-5.486899390768717,-4.975401676135191,-3.9125711256896194,-2.569012766976646,-1.4146393561051842,-0.23001945865139928
202,-0.2527516276606997,1.5315759212224642,2.0746123822647684,2.1051565625032347,1.389047500520655,0.6386408306219212,-0.049774281579347046,-0.7435074289139914,-1.8362083319215865,-2.6315282495907146,-3.8232479346027377,-4.817292652987357,-5.332295242002637,-4.972094616847901,-3.9610792433317945,-2.499907351011271,-1.1945838122406978,0.08605753391167131
203,-0.04408547462586776,1.3263819492686855,1.9405824015629753,1.942507075225769,1.6595793213503776,0.9335066623904924,0.5813098265405227,-0.4588821351294829,-1.4744779106725754,-2.8297681536916057,-3.959905156235373,-5.110404989102939,-5.215493069868241,-4.761160708182914,-3.4645275186775133,-2.006219359959661,-0.734725763144491,0.356751573764298
204,0.45727579790985895,1.717893057097097,1.85183212904842,1.6612863923901915,1.0437678373636912,0.5751924040891381,0.09727606713103337,-0.7684962778171343,-1.899509688115948,-3.1009616857948195,-4.401042288825385,-5.435949385785867,-5.476571202681558,-4.597852765280454,-3.3192849947066065,-1.799161076050533,-0.4905437193981869,0.616994233469014
205,1.1296276926803157,1.8232533923738143,2.0718257645382065,1.6495972525715554,0.9213837925448524,0.3096410807195057,-0.10309121238999627,-1.2486344791604962,-2.206649923089673,-3.2313614829984116,-4.198930890465872,-5.358739511827454,-5.247001300147574,-4.445178921362895,-3.18056106319626,-1.9595721788168325,-0.5828487507494751,0.3726589960979404
206,1.0955991595856611,2.082167897029159,2.306872447471477,1.8690256468084039,1.2743445988416466,0.7026462323255621,0.1965705591030493,-0.8327216020092217,-1.6944790150190032,-3.0480925476162124,-4.253169418815334,-5.203619268694887,-5.280975751337564,-4.477674042976867,-2.9868515812906855,-1.5760110468418356,-0.18994928716541143,0.5038610182552238
207,1.075599907699997,1.9984656450213756,2.128107102098814,2.049618748078452,1.504150239289102,1.2667595612935136,0.4663166245646198,-0.4757276122039466,-1.8281072616045873,-3.1841417492985746,-4.599714222335507,-5.046214717933671,-4.988098949618068,-3.8375195029975457,-2.3799084373025936,-1.0149559565266026,0.16109466158830688,0.8923363074118911
208,1.3520349331869608,1.6760826246870506,1.6054641720324554,1.2966903670292984,1.0787020493730788,0.8662744899932672,0.18468475320418992,-0.9363467285735134,-2.210400843858089,-3.7561905188643614,-5.106783054725703,-5.417085907088945,-4.816263428497895,-3.686436221494544,-2.0928663365492954,-0.7021519817789671,0.5029368023865827,0.824583891287603
209,1.585168586296739,1.9883454805544212,1.728243289674803,1.2977719403497427,0.8746879633388265,0.7586857258860908,-0.23561563247140965,-1.1878777274780803,-2.1526406283231836,-3.329242545448115,-4.818787059912834,-5.043233421237886,-4.526113279028631,-3.520479564576612,-2.304133565665846,-0.8193695991554029,0.3615553500030097,0.8310266100320286
210,1.8340562422206823,2.2002499493440464,1.9759181375893369,1.6534824152449081,1.2100024122366229,1.0482927117153222,0.180002103486952,-0.7002238096708268,-1.9869458847361499,-3.25393902927548,-4.651605830269027,-5.000333081109212,-4.425037870948913,-3.132996945816574,-1.7471436662630753,-0.31548246506464533,0.6350253872927386,0.7633980469724554
211,1.8913731097532105,2.0559964982830095,2.0944075852434167,1.8392240743552002,1.760624162024457,1.3007228075610604,0.5328620446076512,-0.7105368985564925,-2.103275281328701,-3.650274044963799,-4.484757918170158,-4.652525957151461,-3.682375121822555,-2.4163009869508825,-1.0852487593605238,0.12202944819299916,0.9931706879661005,1.2655030443217874
212,1.4015824953919949,1.4007373958766314,1.3081344820872494,1.462321335942423,1.5127094382745945,1.098497129595808,0.1235339071126429,-1.0982045302400234,-2.713712049732116,-4.230687476502624,-4.824213615308727,-4.421102977376018,-3.5038223787463014,-2.0414850028810294,-0.6988622798003913,0.5030374147023715,1.0112291428794133,1.711250781693691
213,1.8516660485637197,1.6964359420821717,1.5246999141052258,1.4177848644651143,1.6127655931407152,0.818187369297696,-0.021262843360741857,-0.8888162296904086,-2.113515815387626,-3.710761133346275,-4.311222997866157,-3.9888409165697163,-3.2663169809329258,-2.253650080171159,-0.8478946639982133,0.4624652070929341,1.0674130900691086,2.180698197551682
214,2.0901269531147033,1.9875205651684906,1.8494918399550413,1.5805815395095473,1.7706596084510795,1.057645359597247,0.32254531248205104,-0.7943081344027426,-1.8720980381123609,-3.5715881015848527,-4.231445287382922,-3.890132928813646,-2.839579775431239,-1.6960654356873837,-0.3471406580153846,0.785801506350239,1.1274973266779642,2.113229569302092
215,1.9704479391269467,2.054986197960183,2.0084902487406158,2.1121400610366488,2.0175940130949095,1.4014489075154064,0.4287404505612494,-0.9467373871419889,-2.331415650607622,-3.4672152025219622,-3.959802167035451,-3.222634604635617,-2.143197155848565,-1.0634318427495761,0.09452574464262514,1.0847835216032415,1.4475711359724386,2.2156745038449155
216,1.269043423594179,1.2870973280903222,1.7229640970430122,2.029922492184866,1.866727817440557,0.974893133490284,-0.04830126178234995,-1.6347434716230103,-2.981237339911693,-3.7294426277019554,-3.6406401503924983,-2.9165907227977863,-1.6129978151587046,-0.5540150039690079,0.5428727780118431,1.218835319498957,1.9299695392240497,2.5779826139053745
217,1.6841313467350467,1.6620868748098243,1.7857600138464669,2.220242137462269,1.6715567143577654,0.8963009252180931,0.1928240053470749,-1.0134803729524444,-2.3179365932185556,-3.1801167017174836,-3.1140432522719177,-2.4971672211593168,-1.7013648168057363,-0.6267106058458445,0.6925056912676566,1.3811567425428002,2.41738264748093,2.5861682358099425
218,2.0371536319125836,1.9699426273106684,1.802407635187067,2.305184085080832,1.7159798289102701,1.0966078863691424,0.24974212853526345,-0.6258824929647212,-2.3031697859512557,-3.135870279060431,-3.111021233080778,-2.2094779734304937,-1.3190386376449095,-0.2488093695912312,0.9557709938562424,1.474342122632852,2.384385101710569,2.287110137810367
219,2.189221379914442,2.2113308564307794,2.3658561102451494,2.5682770423312107,2.061774532254414,1.2806149894847805,0.03944912695850378,-1.1411244746323441,-2.320964172355119,-3.075016335514852,-2.735867512651542,-1.7031640179120164,-0.8648881593595033,0.10818900811630372,1.1816041526430168,1.6479454962098523,2.4084974798251295,2.671210164173265
220,1.267846532174473,1.8105804584624356,2.229872276835816,2.259881023454745,1.4342893499401639,0.5986791091625427,-0.8134847541345596,-1.911135088598356,-2.5780510619176873,-2.7462068577986645,-2.281651059632289,-1.0754050520238292,-0.27353684691926494,0.6001676544546846,1.415642396676956,2.1205685665285894,2.774503548362492,2.9176215307558513
221,1.757797059211806,1.9317885923030214,2.4318883530249007,2.099525514555287,1.3411620192042517,0.7989422567749738,-0.3018819620509495,-1.2610808387688386,-2.104337323767004,-2.1994033881953845,-1.7040559983084786,-0.9807419553597924,-0.1795124711337161,0.9845661586620229,1.7129884720291906,2.6295894463480947,2.757486677093446,2.8863261591377825
222,2.0776385314327297,1.8983146325878428,2.5105768340087637,1.9849615595563475,1.4030799727062415,0.8713520529893812,0.16803355792234365,-1.3417593563775843,-2.0065712981866577,-2.2103600574033058,-1.4821674740151023,-0.8324131193210632,0.0005367376912006061,1.0855444107082286,1.7518147553835348,2.5237200533564854,2.546871652212589,2.7921106475965125
223,2.278770908629366,2.3286472689907125,2.632237063036566,2.1741860757007663,1.5203912999146385,0.6111080707842592,-0.3832637894471119,-1.4561746059426666,-2.123739604108425,-2.1387571179379106,-1.2047003468663475,-0.5777412561472849,0.23850371389464392,1.2197005382031065,1.7965105332196318,2.4781312391391834,2.796999226297484,2.803531147444748
224,1.7299593471819807,2.0580559050589047,2.194062355687878,1.3933330839687625,0.6926197316905878,-0.32329775883886613,-1.2005959116461167,-1.756592054033589,-1.8771676729259414,-1.6586429875249828,-0.5964808850448471,0.044957038239624325,0.7383882985751762,1.536928939541474,2.2513239904473954,2.8570251042954737,3.0003782879902485,2.946504448032073
225,1.8803125256467215,2.2837721249243113,2.0752224790537284,1.264269107215955,0.7957309669058636,-0.015576315897117943,-0.7229605717613448,-1.465346591589711,-1.4072968987122734,-1.0286345634655043,-0.3889168623257508,0.2009154302400179,1.21522607373924,1.846586022230893,2.685901770611869,2.75330581227419,2.830418358123886,2.4585895711834795
226,1.9450421653242556,2.4393622167929756,1.871757182668655,1.1984884768439756,0.9774459325579907,0.47412762675118575,-0.8458626606875423,-1.2416583702093815,-1.3553228722582387,-0.7797594194406761,-0.348182051761302,0.2960523864322683,1.2593841397478536,1.9409405820112022,2.5680555568010717,2.6642100772869672,2.8974978138759324,2.5356659325576074
227,2.165656390383191,2.3562918025003814,1.8370027395788981,1.1259703421671428,0.6289359007741446,-0.08479746542002503,-1.0248375074157614,-1.4384730974402133,-1.4432879972812422,-0.6800625507857596,-0.21895672526845594,0.4140437567129719,1.2795068073153135,1.8237313916052396,2.4396080977785504,2.7586341902884404,2.8072315458424115,2.5941727327103035
228,1.813563770659167,1.8841669203531373,1.0211447621233087,0.29875454940741675,-0.2284611409381574,-0.8740030337425982,-1.370515099825195,-1.2853169745914812,-1.0689249829363,-0.23310063841924844,0.33221486563434877,0.8167876095062733,1.5816465994317639,2.23294539695542,2.8088725654097955,2.9026837664320793,2.9667991436860284,2.713985394630489
229,2.145272857253789,1.8980978697657225,0.9613699778762262,0.3685209308583841,-0.08762636231255144,-0.6219895785797582,-1.2677931665692852,-0.9569343440404827,-0.4474524111567072,0.018535654474539198,0.5202075867604845,1.277104250641056,1.8495192173535062,2.5519202785985753,2.6141201715522504,2.601247976554105,2.4797774884774757,2.255343880291092
230,2.318572331850287,1.535856973553151,0.686422475053776,0.5367006698023147,0.29950040170932807,-0.8256019194003696,-1.0244707053558397,-0.8970258945948593,-0.23041292095224908,-0.08532266026096955,0.48365309708894366,1.2780372755893614,2.0005440651005113,2.447755485161389,2.653383647062185,2.8227877274649633,2.5751762184359164,2.178462420493439
231,2.0925412630186746,1.3570205002024693,0.47064086793823595,0.20666556915508377,-0.19406537973844007,-1.0739894617479488,-1.3051386909317655,-1.1006278381370842,-0.38155816538163284,-0.1245404780344471,0.432355011171232,1.2280605178878248,1.7411731291733608,2.2994563862204105,2.647894435822878,2.7132347136856105,2.6555084968269798,2.177397188072661
232,1.5578073210109917,0.49281110471317063,-0.35532067658163485,-0.5189828068992833,-0.9234119126070512,-1.4383112828742037,-1.1811626381117923,-0.8248816474305978,-0.12627807496699728,0.29530760934164535,0.729541627799236,1.4895116715571055,2.1216116585637925,2.677058568454712,2.7700688042886648,2.9044903630061514,2.754775353871363,1.8811120511908999
233,1.6762342574522497,0.48032385396455535,-0.36921430387477183,-0.5391716733421443,-0.935016007703005,-1.4991691942566705,-0.9850929518498422,-0.18035681231138412,0.12673724945686665,0.5774795912458519,1.2339562196468306,1.7575934585649229,2.3405981018928985,2.4483138256229324,2.3661981321164016,2.411917730961874,2.4103701746019706,1.4265220665807214
234,1.1677736241297185,0.005220676519771927,-0.2794640880770845,-0.3691787835335685,-1.241681704404587,-1.3359639926862241,-0.9349749813084158,-0.0030205801603826465,-0.15547082930621292,0.36811174119361945,1.1215144861333346,1.7798685385428235,2.1199465181588537,2.5265818125861714,2.6337065193768616,2.474962356868689,2.3317785614490907,1.5733326224158375
235,0.901163683753345,-0.26784085557986353,-0.4967075216314594,-0.7234356438048655,-1.539151298308762,-1.6903676686667137,-1.2585443756330448,-0.3772697646608928,-0.40656874789115843,0.1478596574996518,1.0038103549086537,1.4280385366477404,1.9521044504986036,2.4716004947235395,2.5413461066670537,2.5968725821767347,2.4644023088544578,1.2576577113082785
236,-0.06449163059180713,-1.119124739740384,-1.1160422147775129,-1.3905611770642436,-1.9523795611900794,-1.5811903472558466,-1.0848807828891485,-0.2697876100252685,-0.10813165169857641,0.38182518994266246,1.2166671521769266,1.7688199737947983,2.2875108757413942,2.540490726454115,2.7258345933672663,2.6553407756702976,2.1663016171800997,0.998642665279492
237,-0.42104807738259364,-1.5437183911114611,-1.5603958568934393,-1.9215361371567763,-2.211036828268368,-1.478314699895669,-0.45710448567900896,-0.031734148435732815,0.3250621665533537,1.01189743775794,1.5401992831677278,1.9357561963395538,2.0316748092281722,2.0172896536448017,2.18630419754433,2.390563878230329,1.9192390013199359,1.0821328602021048
238,-0.980928929388128,-1.4882739738922397,-1.5932628354946146,-2.263819075729599,-2.1252709319091467,-1.4476582889980412,-0.28062073362448703,-0.37065797543873663,0.0499889398425834,0.8481630520583847,1.4765761434869327,1.6769358628826363,2.171559514302452,2.33155052134174,2.243971040501157,2.3392902026234,2.0239848317778004,0.8728741382009908
239,-1.3403746970628068,-1.6311262647504288,-1.7882771714280499,-2.5217628521289943,-2.464266209075813,-1.764287995149259,-0.6950253730723437,-0.7284363815009116,-0.24671342863016346,0.6996659013126795,1.0873529455370115,1.4728203219213598,2.070954833114476,2.229293156546726,2.3936392320039896,2.5627967480600726,1.8884046589084393,0.7533598526197257
240,-2.1947280420925845,-2.1487136567221623,-2.4061008288992514,-3.015844411700845,-2.4614167260027706,-1.7379092616639615,-0.7295188927494456,-0.5596074952319652,-0.05730506784312525,0.8468519259148259,1.3309864978461672,1.7038903652968136,2.052769711961785,2.363342079161648,2.4114366451284095,2.2737024907024237,1.6554009241486445,0.8277449327713258
241,-3.066377858671154,-3.0350136251913695,-3.4397887059246184,-3.5002436289293826,-2.4564049310668374,-1.3284495894569235,-0.6338426480617113,-0.19034060496364327,0.5991496355880325,1.131050733281974,1.4686159036536894,1.5876667342763622,1.6269273771563473,1.9542287897154589,2.3790191416161752,2.3591722516458997,1.9576759996556925,0.7813292898766196
242,-3.0501130411032626,-3.263985966064184,-3.789586997352151,-3.47605234543863,-2.458354274758762,-1.155589634924786,-0.9198075124168352,-0.4167068157386249,0.522553896597405,1.1396382922607948,1.3522631159313245,1.8157355805738538,2.0019033605875953,1.9952742330688806,2.3271594680497216,2.383841179878022,1.6660553460163667,0.4149309744741917
243,-3.143884857459745,-3.284021667659237,-3.9392726768725588,-3.729390424138117,-2.6413215114746182,-1.479906245851286,-1.2689322054287362,-0.7092837583821232,0.34939225664196083,0.698890367227319,1.11062477135999,1.6743374438362881,1.8684989120488398,2.1685981282243048,2.6260149900459373,2.4050766634396545,1.7477542893065765,0.5753917271096635
244,-3.5933514668583504,-3.889612983497346,-4.4908921912130815,-3.8485036674046085,-2.743205289217966,-1.6239787233813163,-1.2133350664542497,-0.5406444575530404,0.4453180242848207,0.8219679744573022,1.2239235277371878,1.6118734619822865,1.9575167947131962,2.186572860230144,2.3965316467862765,2.235911492368829,1.7721136077844954,0.6219181162919415
245,-4.738731825065251,-5.199107392015049,-5.022050099484973,-3.879700280980774,-2.5697029362099113,-1.6759148378450512,-0.9979570833249042,0.04746268170915935,0.7315853102148996,1.0018933353746307,1.309675558066854,1.4203147912654142,1.8396278760776823,2.464632094138578,2.8794684771735017,2.788584414444171,1.9993469098224796,0.2920453798619276
246,-5.090118194035344,-5.506600452152906,-5.0470012574669845,-3.8905878639600706,-2.434837839909107,-1.9120560697622828,-1.155517492710519,0.106181895848379,0.8457114999593215,1.0606881313357763,1.5444138614563059,1.7784938868736977,1.7707199018155468,2.31934821464482,2.75856837496263,2.414951218399275,1.5791537300741019,0.0332735433638498
247,-4.982387152505282,-5.591740045583398,-5.282807343956697,-4.023665875006318,-2.7559890785136623,-2.29055570817574,-1.494370217878934,-0.16619919235530606,0.36299879231140164,0.8293912266181914,1.4147862465805159,1.6551163224519345,2.018919079321527,2.689301393057497,2.915707327886656,2.654088547561125,1.8724885459143232,-0.4391225691977094
248,-5.530454598592698,-6.13126482472668,-5.459052997173492,-4.137609782398254,-2.897600091945061,-2.2614639498082223,-1.282195111037715,-0.05264088100584413,0.4125978737565949,0.928457581188569,1.3884548963756196,1.714280345603636,2.065722756785467,2.5416393775327895,2.7927437497385332,2.6169642636296553,1.853062419942388,-0.23566541531167284
249,-7.024611127355691,-6.5532511334245775,-5.399144939294476,-3.9785618300762273,-2.906900988347382,-2.067347986675228,-0.6855026094823222,0.39384038355961976,0.7379934990056203,1.2635220849206403,1.5038798161735867,1.84243789895541,2.5731601565821056,3.327792357662119,3.5219042288411107,3.052126726064381,1.8273893957460063,-0.9991198218586602
250,-7.295785691336073,-6.656379412517394,-5.410822419978647,-3.8937104086774035,-3.1415248787769894,-2.1868952124848566,-0.5651752824241175,0.4995081020686788,0.8282723609579813,1.3961379859284944,1.723760152438064,1.594449989159495,2.273394914309475,3.0278984263412667,3.0483750095541584,2.5851189186335346,1.5176298059757132,-0.8202683433256059
251,-7.335128887192572,-6.92163042375842,-5.590872907494785,-4.238028745588583,-3.53622896868244,-2.5258245187293955,-0.9238144780278847,0.07753611928117865,0.651855535270305,1.3293961667925354,1.658526437165897,1.9055214471899862,2.661947317194484,3.275165912356708,3.36980623586821,2.932541948747568,1.2115218119439644,-1.0524058345446874
252,-7.859317121667133,-7.1066439287250756,-5.622929519707687,-4.334319098265609,-3.4616251665118147,-2.2271441348804357,-0.7775888892640808,0.07593918312082604,0.8618221513299065,1.4126875427171253,1.7591753447758562,1.9904831286801774,2.6039207799746293,3.1581419849865613,3.2510723905420136,2.833573188824706,1.3120551332876231,-0.8749035596298521
